start_t,end_t,loss_pct_mean,loss_pct_std,delay_ms_mean,delay_ms_std,jitter_ms_mean,jitter_ms_std,dup_pct_mean,dup_pct_std,rate_limit_mbps_mean,rate_limit_mbps_std,primary_module
1755486703,1755486705,5.0,6.06217782649107,7.0,11.258330249197702,3.4666666666666672,4.618802153517007,0.26666666666666666,0.4618802153517007,0.16666666666666666,0.2886751345948129,wifi_slow_scan
1755486704,1755486706,5.0,6.06217782649107,7.0,11.258330249197702,3.4666666666666672,4.618802153517007,0.26666666666666666,0.4618802153517007,0.16666666666666666,0.2886751345948129,wifi_slow_scan
1755486705,1755486707,1.5,0.0,0.5,0.0,0.8000000000000002,1.3597399555105182e-16,0.0,0.0,0.0,0.0,wifi_slow_scan
1755486706,1755486708,5.0,6.06217782649107,7.0,11.258330249197702,3.466666666666667,4.618802153517007,0.26666666666666666,0.46188021535170065,0.16666666666666666,0.2886751345948129,wifi_slow_scan
1755486707,1755486709,5.333333333333333,5.795112883571237,7.1000000000000005,11.172734669721642,3.566666666666667,4.534681172181054,0.3,0.43588989435406733,0.16666666666666666,0.2886751345948129,mavlink_param_drift
1755486708,1755486710,5.666666666666667,5.484827557301444,7.2,11.085125168440817,3.6666666666666665,4.445597072760119,0.3333333333333333,0.40414518843273806,0.16666666666666666,0.2886751345948129,mavlink_param_drift
1755486709,1755486711,5.666666666666667,5.484827557301445,7.2,11.085125168440817,3.6666666666666665,4.445597072760119,0.3333333333333333,0.40414518843273806,0.16666666666666666,0.2886751345948129,mavlink_param_drift
1755486710,1755486712,5.666666666666667,5.484827557301444,7.2,11.085125168440817,3.6666666666666665,4.445597072760119,0.3333333333333333,0.40414518843273806,0.16666666666666666,0.2886751345948129,mavlink_param_drift
1755486711,1755486713,5.666666666666667,5.484827557301444,7.2,11.085125168440817,3.6666666666666665,4.445597072760119,0.3333333333333333,0.40414518843273806,0.16666666666666666,0.2886751345948129,mavlink_param_drift
1755486712,1755486714,5.666666666666667,5.484827557301445,7.2,11.085125168440817,3.6666666666666665,4.445597072760119,0.3333333333333333,0.40414518843273806,0.16666666666666666,0.2886751345948129,mavlink_param_drift
1755486713,1755486715,5.666666666666667,5.484827557301444,7.2,11.085125168440817,3.6666666666666665,4.445597072760119,0.3333333333333333,0.40414518843273806,0.16666666666666666,0.2886751345948129,mavlink_param_drift
1755486714,1755486716,5.666666666666667,5.484827557301444,7.2,11.085125168440817,3.6666666666666665,4.445597072760119,0.3333333333333333,0.40414518843273806,0.16666666666666666,0.2886751345948129,mavlink_param_drift
1755486715,1755486717,5.666666666666667,5.484827557301445,7.2,11.085125168440817,3.6666666666666665,4.445597072760119,0.3333333333333333,0.40414518843273806,0.16666666666666666,0.2886751345948129,mavlink_param_drift
1755486716,1755486718,5.666666666666667,5.484827557301444,7.2,11.085125168440817,3.6666666666666665,4.445597072760119,0.3333333333333333,0.40414518843273806,0.16666666666666666,0.2886751345948129,mavlink_param_drift
1755486717,1755486719,5.666666666666667,5.484827557301444,7.2,11.085125168440817,3.6666666666666665,4.445597072760119,0.3333333333333333,0.40414518843273806,0.16666666666666666,0.2886751345948129,mavlink_param_drift
1755486718,1755486720,5.666666666666667,5.484827557301445,7.2,11.085125168440817,3.6666666666666665,4.445597072760119,0.3333333333333333,0.40414518843273806,0.16666666666666666,0.2886751345948129,mavlink_param_drift
1755486719,1755486721,5.666666666666667,5.484827557301444,7.2,11.085125168440817,3.6666666666666665,4.445597072760119,0.3333333333333333,0.40414518843273806,0.16666666666666666,0.2886751345948129,mavlink_param_drift
1755486720,1755486722,5.666666666666667,5.484827557301444,7.2,11.085125168440817,3.6666666666666665,4.445597072760119,0.3333333333333333,0.40414518843273806,0.16666666666666666,0.2886751345948129,mavlink_param_drift
1755486721,1755486723,5.666666666666667,5.484827557301445,7.2,11.085125168440817,3.6666666666666665,4.445597072760119,0.3333333333333333,0.40414518843273806,0.16666666666666666,0.2886751345948129,mavlink_param_drift
1755486722,1755486724,5.666666666666667,5.484827557301444,7.2,11.085125168440817,3.6666666666666665,4.445597072760119,0.3333333333333333,0.40414518843273806,0.16666666666666666,0.2886751345948129,mavlink_param_drift
1755486723,1755486725,5.666666666666667,5.484827557301444,7.2,11.085125168440817,3.6666666666666665,4.445597072760119,0.3333333333333333,0.40414518843273806,0.16666666666666666,0.2886751345948129,mavlink_param_drift
1755486724,1755486726,5.666666666666667,5.484827557301445,7.2,11.085125168440817,3.6666666666666665,4.445597072760119,0.3333333333333333,0.40414518843273806,0.16666666666666666,0.2886751345948129,mavlink_param_drift
1755486725,1755486727,5.666666666666667,5.484827557301444,7.2,11.085125168440817,3.6666666666666665,4.445597072760119,0.3333333333333333,0.40414518843273806,0.16666666666666666,0.2886751345948129,mavlink_param_drift
1755486726,1755486728,5.666666666666667,5.484827557301444,7.2,11.085125168440817,3.6666666666666665,4.445597072760119,0.3333333333333333,0.40414518843273806,0.16666666666666666,0.2886751345948129,mavlink_param_drift
1755486727,1755486729,5.666666666666667,5.484827557301445,7.2,11.085125168440817,3.6666666666666665,4.445597072760119,0.3333333333333333,0.40414518843273806,0.16666666666666666,0.2886751345948129,mavlink_param_drift
1755486728,1755486730,5.666666666666667,5.484827557301444,7.2,11.085125168440817,3.6666666666666665,4.445597072760119,0.3333333333333333,0.40414518843273806,0.16666666666666666,0.2886751345948129,mavlink_param_drift
1755486729,1755486731,5.666666666666667,5.484827557301444,7.2,11.085125168440817,3.6666666666666665,4.445597072760119,0.3333333333333333,0.40414518843273806,0.16666666666666666,0.2886751345948129,mavlink_param_drift
1755486730,1755486732,5.666666666666667,5.484827557301445,7.2,11.085125168440817,3.6666666666666665,4.445597072760119,0.3333333333333333,0.40414518843273806,0.16666666666666666,0.2886751345948129,mavlink_param_drift
1755486731,1755486733,5.333333333333333,5.795112883571237,7.1000000000000005,11.172734669721642,3.566666666666667,4.534681172181054,0.3,0.43588989435406733,0.16666666666666666,0.2886751345948129,mavlink_param_drift
1755486732,1755486734,5.0,6.06217782649107,7.0,11.258330249197702,3.4666666666666672,4.618802153517007,0.26666666666666666,0.4618802153517007,0.16666666666666666,0.2886751345948129,wifi_slow_scan
1755486733,1755486735,5.0,6.06217782649107,7.0,11.258330249197702,3.466666666666667,4.618802153517007,0.26666666666666666,0.46188021535170065,0.16666666666666666,0.2886751345948129,wifi_slow_scan
1755486734,1755486736,5.333333333333333,5.795112883571237,7.1000000000000005,11.172734669721642,3.566666666666667,4.534681172181054,0.3,0.43588989435406733,0.16666666666666666,0.2886751345948129,mavlink_param_drift
1755486735,1755486737,8.833333333333334,5.484827557301444,13.6,11.085125168440815,6.233333333333334,4.445597072760119,0.5666666666666668,0.40414518843273806,0.3333333333333333,0.2886751345948129,telemetry_trickle_jam
1755486736,1755486738,5.666666666666667,5.484827557301444,7.2,11.085125168440817,3.6666666666666665,4.445597072760119,0.3333333333333333,0.40414518843273806,0.16666666666666666,0.2886751345948129,mavlink_param_drift
1755486737,1755486739,5.333333333333333,5.795112883571237,7.1000000000000005,11.172734669721642,3.566666666666667,4.534681172181054,0.3,0.43588989435406733,0.16666666666666666,0.2886751345948129,mavlink_param_drift
1755486738,1755486740,2.1666666666666665,0.5773502691896258,0.7000000000000001,0.17320508075688776,1.0,0.17320508075688776,0.06666666666666667,0.05773502691896258,0.0,0.0,mavlink_param_drift
1755486739,1755486741,2.1666666666666665,0.5773502691896258,0.7000000000000001,0.17320508075688776,1.0,0.17320508075688776,0.06666666666666667,0.05773502691896258,0.0,0.0,mavlink_param_drift
1755486740,1755486742,2.5,0.0,0.8000000000000002,1.3597399555105182e-16,1.1,0.0,0.10000000000000002,1.6996749443881478e-17,0.0,0.0,mavlink_param_drift
1755486741,1755486743,2.5,0.0,0.8000000000000002,1.3597399555105182e-16,1.1,0.0,0.10000000000000002,1.6996749443881478e-17,0.0,0.0,mavlink_param_drift
1755486742,1755486744,2.5,0.0,0.8000000000000002,1.3597399555105182e-16,1.1,0.0,0.10000000000000002,1.6996749443881478e-17,0.0,0.0,mavlink_param_drift
1755486743,1755486745,5.666666666666667,5.484827557301445,7.2,11.085125168440817,3.6666666666666665,4.445597072760119,0.3333333333333333,0.40414518843273806,0.16666666666666666,0.2886751345948129,mavlink_param_drift
1755486744,1755486746,5.666666666666667,5.484827557301444,7.2,11.085125168440817,3.6666666666666665,4.445597072760119,0.3333333333333333,0.40414518843273806,0.16666666666666666,0.2886751345948129,mavlink_param_drift
1755486745,1755486747,5.666666666666667,5.484827557301444,7.2,11.085125168440817,3.6666666666666665,4.445597072760119,0.3333333333333333,0.40414518843273806,0.16666666666666666,0.2886751345948129,mavlink_param_drift
1755486746,1755486748,5.666666666666667,5.484827557301445,7.2,11.085125168440817,3.6666666666666665,4.445597072760119,0.3333333333333333,0.40414518843273806,0.16666666666666666,0.2886751345948129,mavlink_param_drift
1755486747,1755486749,5.666666666666667,5.484827557301444,7.2,11.085125168440817,3.6666666666666665,4.445597072760119,0.3333333333333333,0.40414518843273806,0.16666666666666666,0.2886751345948129,mavlink_param_drift
1755486748,1755486750,5.666666666666667,5.484827557301444,7.2,11.085125168440817,3.6666666666666665,4.445597072760119,0.3333333333333333,0.40414518843273806,0.16666666666666666,0.2886751345948129,mavlink_param_drift
1755486749,1755486751,5.666666666666667,5.484827557301445,7.2,11.085125168440817,3.6666666666666665,4.445597072760119,0.3333333333333333,0.40414518843273806,0.16666666666666666,0.2886751345948129,mavlink_param_drift
1755486750,1755486752,5.666666666666667,5.484827557301444,7.2,11.085125168440817,3.6666666666666665,4.445597072760119,0.3333333333333333,0.40414518843273806,0.16666666666666666,0.2886751345948129,mavlink_param_drift
1755486751,1755486753,5.666666666666667,5.484827557301444,7.2,11.085125168440817,3.6666666666666665,4.445597072760119,0.3333333333333333,0.40414518843273806,0.16666666666666666,0.2886751345948129,mavlink_param_drift
1755486752,1755486754,5.666666666666667,5.484827557301445,7.2,11.085125168440817,3.6666666666666665,4.445597072760119,0.3333333333333333,0.40414518843273806,0.16666666666666666,0.2886751345948129,mavlink_param_drift
1755486753,1755486755,5.666666666666667,5.484827557301444,7.2,11.085125168440817,3.6666666666666665,4.445597072760119,0.3333333333333333,0.40414518843273806,0.16666666666666666,0.2886751345948129,mavlink_param_drift
1755486754,1755486756,5.666666666666667,5.484827557301444,7.2,11.085125168440817,3.6666666666666665,4.445597072760119,0.3333333333333333,0.40414518843273806,0.16666666666666666,0.2886751345948129,mavlink_param_drift
1755486755,1755486757,5.666666666666667,5.484827557301445,7.2,11.085125168440817,3.6666666666666665,4.445597072760119,0.3333333333333333,0.40414518843273806,0.16666666666666666,0.2886751345948129,mavlink_param_drift
1755486756,1755486758,5.666666666666667,5.484827557301444,7.2,11.085125168440817,3.6666666666666665,4.445597072760119,0.3333333333333333,0.40414518843273806,0.16666666666666666,0.2886751345948129,mavlink_param_drift
1755486757,1755486759,5.666666666666667,5.484827557301444,7.2,11.085125168440817,3.6666666666666665,4.445597072760119,0.3333333333333333,0.40414518843273806,0.16666666666666666,0.2886751345948129,mavlink_param_drift
1755486758,1755486760,5.666666666666667,5.484827557301445,7.2,11.085125168440817,3.6666666666666665,4.445597072760119,0.3333333333333333,0.40414518843273806,0.16666666666666666,0.2886751345948129,mavlink_param_drift
1755486759,1755486761,5.666666666666667,5.484827557301444,7.2,11.085125168440817,3.6666666666666665,4.445597072760119,0.3333333333333333,0.40414518843273806,0.16666666666666666,0.2886751345948129,mavlink_param_drift
1755486760,1755486762,5.666666666666667,5.484827557301444,7.2,11.085125168440817,3.6666666666666665,4.445597072760119,0.3333333333333333,0.40414518843273806,0.16666666666666666,0.2886751345948129,mavlink_param_drift
1755486761,1755486763,1.6666666666666667,1.4433756729740645,0.5333333333333333,0.46188021535170065,0.7333333333333334,0.6350852961085884,0.06666666666666667,0.05773502691896258,0.0,0.0,mavlink_param_drift
1755486762,1755486764,0.8333333333333334,1.4433756729740643,0.26666666666666666,0.4618802153517007,0.3666666666666667,0.6350852961085884,0.03333333333333333,0.05773502691896259,0.0,0.0,lpc_loop_completed
1755486763,1755486765,0.0,0.0,0.0,0.0,0.0,0.0,0.0,0.0,0.0,0.0,lpc_loop_completed
1755486764,1755486766,0.0,0.0,0.0,0.0,0.0,0.0,0.0,0.0,0.0,0.0,lpc_loop_completed
1755486765,1755486767,0.0,0.0,0.0,0.0,0.0,0.0,0.0,0.0,0.0,0.0,lpc_loop_completed
1755486766,1755486768,1.2666666666666666,2.1939310229205775,0.5,0.8660254037844386,0.6,1.0392304845413265,0.03333333333333333,0.05773502691896258,0.0,0.0,lpc_loop_completed
1755486767,1755486769,2.533333333333333,2.193931022920578,1.0,0.8660254037844386,1.2,1.0392304845413265,0.06666666666666667,0.05773502691896258,0.0,0.0,gps_slow_spoof
1755486768,1755486770,3.7999999999999994,5.438959822042073e-16,1.5,0.0,1.8,0.0,0.10000000000000002,1.6996749443881478e-17,0.0,0.0,gps_slow_spoof
1755486769,1755486771,3.7999999999999994,5.438959822042073e-16,1.5,0.0,1.8,0.0,0.10000000000000002,1.6996749443881478e-17,0.0,0.0,gps_slow_spoof
1755486770,1755486772,3.7999999999999994,5.438959822042073e-16,1.5,0.0,1.8,0.0,0.10000000000000002,1.6996749443881478e-17,0.0,0.0,gps_slow_spoof
1755486771,1755486773,3.7999999999999994,5.438959822042073e-16,1.5,0.0,1.8,0.0,0.10000000000000002,1.6996749443881478e-17,0.0,0.0,gps_slow_spoof
1755486772,1755486774,3.7999999999999994,5.438959822042073e-16,1.5,0.0,1.8,0.0,0.10000000000000002,1.6996749443881478e-17,0.0,0.0,gps_slow_spoof
1755486773,1755486775,3.7999999999999994,5.438959822042073e-16,1.5,0.0,1.8,0.0,0.10000000000000002,1.6996749443881478e-17,0.0,0.0,gps_slow_spoof
1755486774,1755486776,3.7999999999999994,5.438959822042073e-16,1.5,0.0,1.8,0.0,0.10000000000000002,1.6996749443881478e-17,0.0,0.0,gps_slow_spoof
1755486775,1755486777,3.7999999999999994,5.438959822042073e-16,1.5,0.0,1.8,0.0,0.10000000000000002,1.6996749443881478e-17,0.0,0.0,gps_slow_spoof
1755486776,1755486778,3.7999999999999994,5.438959822042073e-16,1.5,0.0,1.8,0.0,0.10000000000000002,1.6996749443881478e-17,0.0,0.0,gps_slow_spoof
1755486777,1755486779,3.7999999999999994,5.438959822042073e-16,1.5,0.0,1.8,0.0,0.10000000000000002,1.6996749443881478e-17,0.0,0.0,gps_slow_spoof
1755486778,1755486780,3.7999999999999994,5.438959822042073e-16,1.5,0.0,1.8,0.0,0.10000000000000002,1.6996749443881478e-17,0.0,0.0,gps_slow_spoof
1755486779,1755486781,3.7999999999999994,5.438959822042073e-16,1.5,0.0,1.8,0.0,0.10000000000000002,1.6996749443881478e-17,0.0,0.0,gps_slow_spoof
1755486780,1755486782,3.7999999999999994,5.438959822042073e-16,1.5,0.0,1.8,0.0,0.10000000000000002,1.6996749443881478e-17,0.0,0.0,gps_slow_spoof
1755486781,1755486783,3.7999999999999994,5.438959822042073e-16,1.5,0.0,1.8,0.0,0.10000000000000002,1.6996749443881478e-17,0.0,0.0,gps_slow_spoof
1755486782,1755486784,3.7999999999999994,5.438959822042073e-16,1.5,0.0,1.8,0.0,0.10000000000000002,1.6996749443881478e-17,0.0,0.0,gps_slow_spoof
1755486783,1755486785,3.7999999999999994,5.438959822042073e-16,1.5,0.0,1.8,0.0,0.10000000000000002,1.6996749443881478e-17,0.0,0.0,gps_slow_spoof
1755486784,1755486786,3.7999999999999994,5.438959822042073e-16,1.5,0.0,1.8,0.0,0.10000000000000002,1.6996749443881478e-17,0.0,0.0,gps_slow_spoof
1755486785,1755486787,3.7999999999999994,5.438959822042073e-16,1.5,0.0,1.8,0.0,0.10000000000000002,1.6996749443881478e-17,0.0,0.0,gps_slow_spoof
1755486786,1755486788,3.7999999999999994,5.438959822042073e-16,1.5,0.0,1.8,0.0,0.10000000000000002,1.6996749443881478e-17,0.0,0.0,gps_slow_spoof
1755486787,1755486789,3.7999999999999994,5.438959822042073e-16,1.5,0.0,1.8,0.0,0.10000000000000002,1.6996749443881478e-17,0.0,0.0,gps_slow_spoof
1755486788,1755486790,3.7999999999999994,5.438959822042073e-16,1.5,0.0,1.8,0.0,0.10000000000000002,1.6996749443881478e-17,0.0,0.0,gps_slow_spoof
1755486789,1755486791,3.7999999999999994,5.438959822042073e-16,1.5,0.0,1.8,0.0,0.10000000000000002,1.6996749443881478e-17,0.0,0.0,gps_slow_spoof
1755486790,1755486792,3.7999999999999994,5.438959822042073e-16,1.5,0.0,1.8,0.0,0.10000000000000002,1.6996749443881478e-17,0.0,0.0,gps_slow_spoof
1755486791,1755486793,3.7999999999999994,5.438959822042073e-16,1.5,0.0,1.8,0.0,0.10000000000000002,1.6996749443881478e-17,0.0,0.0,gps_slow_spoof
1755486792,1755486794,3.7999999999999994,5.438959822042073e-16,1.5,0.0,1.8,0.0,0.10000000000000002,1.6996749443881478e-17,0.0,0.0,gps_slow_spoof
1755486793,1755486795,3.7999999999999994,5.438959822042073e-16,1.5,0.0,1.8,0.0,0.10000000000000002,1.6996749443881478e-17,0.0,0.0,gps_slow_spoof
1755486794,1755486796,3.7999999999999994,5.438959822042073e-16,1.5,0.0,1.8,0.0,0.10000000000000002,1.6996749443881478e-17,0.0,0.0,gps_slow_spoof
1755486795,1755486797,3.7999999999999994,5.438959822042073e-16,1.5,0.0,1.8,0.0,0.10000000000000002,1.6996749443881478e-17,0.0,0.0,gps_slow_spoof
1755486796,1755486798,3.7999999999999994,5.438959822042073e-16,1.5,0.0,1.8,0.0,0.10000000000000002,1.6996749443881478e-17,0.0,0.0,gps_slow_spoof
1755486797,1755486799,3.7999999999999994,5.438959822042073e-16,1.5,0.0,1.8,0.0,0.10000000000000002,1.6996749443881478e-17,0.0,0.0,gps_slow_spoof
1755486798,1755486800,3.7999999999999994,5.438959822042073e-16,1.5,0.0,1.8,0.0,0.10000000000000002,1.6996749443881478e-17,0.0,0.0,gps_slow_spoof
1755486799,1755486801,3.7999999999999994,5.438959822042073e-16,1.5,0.0,1.8,0.0,0.10000000000000002,1.6996749443881478e-17,0.0,0.0,gps_slow_spoof
1755486800,1755486802,3.7999999999999994,5.438959822042073e-16,1.5,0.0,1.8,0.0,0.10000000000000002,1.6996749443881478e-17,0.0,0.0,gps_slow_spoof
1755486801,1755486803,3.7999999999999994,5.438959822042073e-16,1.5,0.0,1.8,0.0,0.10000000000000002,1.6996749443881478e-17,0.0,0.0,gps_slow_spoof
1755486802,1755486804,3.7999999999999994,5.438959822042073e-16,1.5,0.0,1.8,0.0,0.10000000000000002,1.6996749443881478e-17,0.0,0.0,gps_slow_spoof
1755486803,1755486805,3.7999999999999994,5.438959822042073e-16,1.5,0.0,1.8,0.0,0.10000000000000002,1.6996749443881478e-17,0.0,0.0,gps_slow_spoof
1755486804,1755486806,3.7999999999999994,5.438959822042073e-16,1.5,0.0,1.8,0.0,0.10000000000000002,1.6996749443881478e-17,0.0,0.0,gps_slow_spoof
1755486805,1755486807,3.7999999999999994,5.438959822042073e-16,1.5,0.0,1.8,0.0,0.10000000000000002,1.6996749443881478e-17,0.0,0.0,gps_slow_spoof
1755486806,1755486808,3.7999999999999994,5.438959822042073e-16,1.5,0.0,1.8,0.0,0.10000000000000002,1.6996749443881478e-17,0.0,0.0,gps_slow_spoof
1755486807,1755486809,3.7999999999999994,5.438959822042073e-16,1.5,0.0,1.8,0.0,0.10000000000000002,1.6996749443881478e-17,0.0,0.0,gps_slow_spoof
1755486808,1755486810,3.7999999999999994,5.438959822042073e-16,1.5,0.0,1.8,0.0,0.10000000000000002,1.6996749443881478e-17,0.0,0.0,gps_slow_spoof
1755486809,1755486811,3.7999999999999994,5.438959822042073e-16,1.5,0.0,1.8,0.0,0.10000000000000002,1.6996749443881478e-17,0.0,0.0,gps_slow_spoof
1755486810,1755486812,3.7999999999999994,5.438959822042073e-16,1.5,0.0,1.8,0.0,0.10000000000000002,1.6996749443881478e-17,0.0,0.0,gps_slow_spoof
1755486811,1755486813,2.533333333333333,2.1939310229205775,1.0,0.8660254037844386,1.2,1.0392304845413265,0.06666666666666667,0.05773502691896258,0.0,0.0,gps_slow_spoof
1755486812,1755486814,1.2666666666666666,2.193931022920578,0.5,0.8660254037844386,0.6,1.0392304845413265,0.03333333333333333,0.05773502691896259,0.0,0.0,lpc_loop_completed
1755486813,1755486815,0.0,0.0,0.0,0.0,0.0,0.0,0.0,0.0,0.0,0.0,lpc_loop_completed
1755486814,1755486816,0.0,0.0,0.0,0.0,0.0,0.0,0.0,0.0,0.0,0.0,lpc_loop_completed
1755486815,1755486817,0.0,0.0,0.0,0.0,0.0,0.0,0.0,0.0,0.0,0.0,lpc_loop_completed
1755486816,1755486818,0.0,0.0,0.0,0.0,0.0,0.0,0.0,0.0,0.0,0.0,lpc_loop_completed
1755486817,1755486819,0.0,0.0,0.0,0.0,0.0,0.0,0.0,0.0,0.0,0.0,lpc
1755486818,1755486820,0.0,0.0,0.0,0.0,0.0,0.0,0.0,0.0,0.0,0.0,lpc
1755486819,1755486821,0.0,0.0,0.0,0.0,0.0,0.0,0.0,0.0,0.0,0.0,lpc
1755486820,1755486822,0.0,0.0,0.0,0.0,0.0,0.0,0.0,0.0,0.0,0.0,lpc
1755486821,1755486823,0.0,0.0,0.0,0.0,0.0,0.0,0.0,0.0,0.0,0.0,lpc
1755486822,1755486824,0.0,0.0,0.0,0.0,0.0,0.0,0.0,0.0,0.0,0.0,lpc
1755486823,1755486825,0.0,0.0,0.0,0.0,0.0,0.0,0.0,0.0,0.0,0.0,lpc
1755486824,1755486826,0.0,0.0,0.0,0.0,0.0,0.0,0.0,0.0,0.0,0.0,lpc
1755486825,1755486827,0.0,0.0,0.0,0.0,0.0,0.0,0.0,0.0,0.0,0.0,lpc
1755486826,1755486828,0.0,0.0,0.0,0.0,0.0,0.0,0.0,0.0,0.0,0.0,lpc
1755486827,1755486829,0.0,0.0,0.0,0.0,0.0,0.0,0.0,0.0,0.0,0.0,lpc
1755486828,1755486830,0.0,0.0,0.0,0.0,0.0,0.0,0.0,0.0,0.0,0.0,lpc
1755486829,1755486831,0.0,0.0,0.0,0.0,0.0,0.0,0.0,0.0,0.0,0.0,lpc
1755486830,1755486832,0.0,0.0,0.0,0.0,0.0,0.0,0.0,0.0,0.0,0.0,lpc
1755486831,1755486833,0.0,0.0,0.0,0.0,0.0,0.0,0.0,0.0,0.0,0.0,lpc
1755486832,1755486834,0.0,0.0,0.0,0.0,0.0,0.0,0.0,0.0,0.0,0.0,lpc
1755486833,1755486835,0.0,0.0,0.0,0.0,0.0,0.0,0.0,0.0,0.0,0.0,lpc
1755486834,1755486836,0.0,0.0,0.0,0.0,0.0,0.0,0.0,0.0,0.0,0.0,lpc
1755486835,1755486837,0.0,0.0,0.0,0.0,0.0,0.0,0.0,0.0,0.0,0.0,lpc
1755486836,1755486838,0.0,0.0,0.0,0.0,0.0,0.0,0.0,0.0,0.0,0.0,lpc
1755486837,1755486839,0.0,0.0,0.0,0.0,0.0,0.0,0.0,0.0,0.0,0.0,lpc
1755486838,1755486840,0.0,0.0,0.0,0.0,0.0,0.0,0.0,0.0,0.0,0.0,lpc
1755486839,1755486841,0.0,0.0,0.0,0.0,0.0,0.0,0.0,0.0,0.0,0.0,lpc
1755486840,1755486842,0.0,0.0,0.0,0.0,0.0,0.0,0.0,0.0,0.0,0.0,lpc
1755486841,1755486843,0.0,0.0,0.0,0.0,0.0,0.0,0.0,0.0,0.0,0.0,lpc
1755486842,1755486844,0.0,0.0,0.0,0.0,0.0,0.0,0.0,0.0,0.0,0.0,lpc
1755486843,1755486845,0.0,0.0,0.0,0.0,0.0,0.0,0.0,0.0,0.0,0.0,lpc
1755486844,1755486846,0.0,0.0,0.0,0.0,0.0,0.0,0.0,0.0,0.0,0.0,lpc
1755486845,1755486847,0.0,0.0,0.0,0.0,0.0,0.0,0.0,0.0,0.0,0.0,lpc
1755486846,1755486848,0.0,0.0,0.0,0.0,0.0,0.0,0.0,0.0,0.0,0.0,lpc
1755486847,1755486849,0.0,0.0,0.0,0.0,0.0,0.0,0.0,0.0,0.0,0.0,lpc
1755486848,1755486850,0.0,0.0,0.0,0.0,0.0,0.0,0.0,0.0,0.0,0.0,lpc
1755486849,1755486851,0.0,0.0,0.0,0.0,0.0,0.0,0.0,0.0,0.0,0.0,lpc
1755486850,1755486852,0.0,0.0,0.0,0.0,0.0,0.0,0.0,0.0,0.0,0.0,lpc
1755486851,1755486853,0.0,0.0,0.0,0.0,0.0,0.0,0.0,0.0,0.0,0.0,lpc
1755486852,1755486854,0.0,0.0,0.0,0.0,0.0,0.0,0.0,0.0,0.0,0.0,lpc
1755486853,1755486855,0.0,0.0,0.0,0.0,0.0,0.0,0.0,0.0,0.0,0.0,lpc
1755486854,1755486856,0.0,0.0,0.0,0.0,0.0,0.0,0.0,0.0,0.0,0.0,lpc
1755486855,1755486857,0.0,0.0,0.0,0.0,0.0,0.0,0.0,0.0,0.0,0.0,lpc
1755486856,1755486858,0.0,0.0,0.0,0.0,0.0,0.0,0.0,0.0,0.0,0.0,lpc
1755486857,1755486859,0.0,0.0,0.0,0.0,0.0,0.0,0.0,0.0,0.0,0.0,lpc
1755486858,1755486860,0.0,0.0,0.0,0.0,0.0,0.0,0.0,0.0,0.0,0.0,lpc
1755486859,1755486861,0.0,0.0,0.0,0.0,0.0,0.0,0.0,0.0,0.0,0.0,lpc
1755486860,1755486862,0.0,0.0,0.0,0.0,0.0,0.0,0.0,0.0,0.0,0.0,lpc
1755486861,1755486863,0.0,0.0,0.0,0.0,0.0,0.0,0.0,0.0,0.0,0.0,lpc
1755486862,1755486864,0.0,0.0,0.0,0.0,0.0,0.0,0.0,0.0,0.0,0.0,lpc
1755486863,1755486865,0.0,0.0,0.0,0.0,0.0,0.0,0.0,0.0,0.0,0.0,lpc
1755486864,1755486866,0.0,0.0,0.0,0.0,0.0,0.0,0.0,0.0,0.0,0.0,lpc
1755486865,1755486867,0.0,0.0,0.0,0.0,0.0,0.0,0.0,0.0,0.0,0.0,lpc
1755486866,1755486868,0.0,0.0,0.0,0.0,0.0,0.0,0.0,0.0,0.0,0.0,lpc
1755486867,1755486869,0.0,0.0,0.0,0.0,0.0,0.0,0.0,0.0,0.0,0.0,lpc
1755486868,1755486870,0.0,0.0,0.0,0.0,0.0,0.0,0.0,0.0,0.0,0.0,lpc
1755486869,1755486871,0.0,0.0,0.0,0.0,0.0,0.0,0.0,0.0,0.0,0.0,lpc
1755486870,1755486872,0.0,0.0,0.0,0.0,0.0,0.0,0.0,0.0,0.0,0.0,lpc
1755486871,1755486873,0.0,0.0,0.0,0.0,0.0,0.0,0.0,0.0,0.0,0.0,lpc
1755486872,1755486874,0.0,0.0,0.0,0.0,0.0,0.0,0.0,0.0,0.0,0.0,lpc
1755486873,1755486875,0.0,0.0,0.0,0.0,0.0,0.0,0.0,0.0,0.0,0.0,lpc
1755486874,1755486876,0.0,0.0,0.0,0.0,0.0,0.0,0.0,0.0,0.0,0.0,lpc
1755486875,1755486877,0.0,0.0,0.0,0.0,0.0,0.0,0.0,0.0,0.0,0.0,lpc
1755486876,1755486878,0.0,0.0,0.0,0.0,0.0,0.0,0.0,0.0,0.0,0.0,lpc
1755486877,1755486879,0.0,0.0,0.0,0.0,0.0,0.0,0.0,0.0,0.0,0.0,lpc
1755486878,1755486880,0.0,0.0,0.0,0.0,0.0,0.0,0.0,0.0,0.0,0.0,lpc
1755486879,1755486881,0.0,0.0,0.0,0.0,0.0,0.0,0.0,0.0,0.0,0.0,lpc
1755486880,1755486882,0.0,0.0,0.0,0.0,0.0,0.0,0.0,0.0,0.0,0.0,lpc
1755486881,1755486883,0.0,0.0,0.0,0.0,0.0,0.0,0.0,0.0,0.0,0.0,lpc
1755486882,1755486884,0.0,0.0,0.0,0.0,0.0,0.0,0.0,0.0,0.0,0.0,lpc
1755486883,1755486885,0.0,0.0,0.0,0.0,0.0,0.0,0.0,0.0,0.0,0.0,lpc
1755486884,1755486886,0.0,0.0,0.0,0.0,0.0,0.0,0.0,0.0,0.0,0.0,lpc
1755486885,1755486887,0.0,0.0,0.0,0.0,0.0,0.0,0.0,0.0,0.0,0.0,lpc
1755486886,1755486888,0.0,0.0,0.0,0.0,0.0,0.0,0.0,0.0,0.0,0.0,lpc
1755486887,1755486889,0.0,0.0,0.0,0.0,0.0,0.0,0.0,0.0,0.0,0.0,lpc
1755486888,1755486890,0.0,0.0,0.0,0.0,0.0,0.0,0.0,0.0,0.0,0.0,lpc
1755486889,1755486891,0.0,0.0,0.0,0.0,0.0,0.0,0.0,0.0,0.0,0.0,lpc
1755486890,1755486892,0.0,0.0,0.0,0.0,0.0,0.0,0.0,0.0,0.0,0.0,lpc
1755486891,1755486893,0.0,0.0,0.0,0.0,0.0,0.0,0.0,0.0,0.0,0.0,lpc
1755486892,1755486894,0.0,0.0,0.0,0.0,0.0,0.0,0.0,0.0,0.0,0.0,lpc
1755486893,1755486895,0.0,0.0,0.0,0.0,0.0,0.0,0.0,0.0,0.0,0.0,lpc
1755486894,1755486896,0.0,0.0,0.0,0.0,0.0,0.0,0.0,0.0,0.0,0.0,lpc
1755486895,1755486897,0.0,0.0,0.0,0.0,0.0,0.0,0.0,0.0,0.0,0.0,lpc
1755486896,1755486898,0.0,0.0,0.0,0.0,0.0,0.0,0.0,0.0,0.0,0.0,lpc
1755486897,1755486899,0.0,0.0,0.0,0.0,0.0,0.0,0.0,0.0,0.0,0.0,lpc
1755486898,1755486900,0.0,0.0,0.0,0.0,0.0,0.0,0.0,0.0,0.0,0.0,lpc
1755486899,1755486901,0.0,0.0,0.0,0.0,0.0,0.0,0.0,0.0,0.0,0.0,lpc
1755486900,1755486902,0.0,0.0,0.0,0.0,0.0,0.0,0.0,0.0,0.0,0.0,lpc
1755486901,1755486903,0.0,0.0,0.0,0.0,0.0,0.0,0.0,0.0,0.0,0.0,lpc
1755486902,1755486904,0.0,0.0,0.0,0.0,0.0,0.0,0.0,0.0,0.0,0.0,lpc
1755486903,1755486905,0.0,0.0,0.0,0.0,0.0,0.0,0.0,0.0,0.0,0.0,lpc
1755486904,1755486906,0.0,0.0,0.0,0.0,0.0,0.0,0.0,0.0,0.0,0.0,lpc
1755486905,1755486907,0.0,0.0,0.0,0.0,0.0,0.0,0.0,0.0,0.0,0.0,lpc
1755486906,1755486908,0.0,0.0,0.0,0.0,0.0,0.0,0.0,0.0,0.0,0.0,lpc
1755486907,1755486909,0.0,0.0,0.0,0.0,0.0,0.0,0.0,0.0,0.0,0.0,lpc
1755486908,1755486910,0.0,0.0,0.0,0.0,0.0,0.0,0.0,0.0,0.0,0.0,lpc
1755486909,1755486911,0.0,0.0,0.0,0.0,0.0,0.0,0.0,0.0,0.0,0.0,lpc
1755486910,1755486912,0.0,0.0,0.0,0.0,0.0,0.0,0.0,0.0,0.0,0.0,lpc
1755486911,1755486913,0.0,0.0,0.0,0.0,0.0,0.0,0.0,0.0,0.0,0.0,lpc
1755486912,1755486914,0.0,0.0,0.0,0.0,0.0,0.0,0.0,0.0,0.0,0.0,lpc
1755486913,1755486915,0.0,0.0,0.0,0.0,0.0,0.0,0.0,0.0,0.0,0.0,lpc
1755486914,1755486916,0.0,0.0,0.0,0.0,0.0,0.0,0.0,0.0,0.0,0.0,lpc
1755486915,1755486917,0.0,0.0,0.0,0.0,0.0,0.0,0.0,0.0,0.0,0.0,lpc
1755486916,1755486918,0.0,0.0,0.0,0.0,0.0,0.0,0.0,0.0,0.0,0.0,lpc
1755486917,1755486919,0.0,0.0,0.0,0.0,0.0,0.0,0.0,0.0,0.0,0.0,lpc
1755486918,1755486920,0.0,0.0,0.0,0.0,0.0,0.0,0.0,0.0,0.0,0.0,lpc
1755486919,1755486921,0.0,0.0,0.0,0.0,0.0,0.0,0.0,0.0,0.0,0.0,lpc
1755486920,1755486922,0.0,0.0,0.0,0.0,0.0,0.0,0.0,0.0,0.0,0.0,lpc
1755486921,1755486923,0.0,0.0,0.0,0.0,0.0,0.0,0.0,0.0,0.0,0.0,lpc
1755486922,1755486924,0.0,0.0,0.0,0.0,0.0,0.0,0.0,0.0,0.0,0.0,lpc
1755486923,1755486925,0.0,0.0,0.0,0.0,0.0,0.0,0.0,0.0,0.0,0.0,lpc
1755486924,1755486926,0.0,0.0,0.0,0.0,0.0,0.0,0.0,0.0,0.0,0.0,lpc
1755486925,1755486927,0.0,0.0,0.0,0.0,0.0,0.0,0.0,0.0,0.0,0.0,lpc
1755486926,1755486928,0.0,0.0,0.0,0.0,0.0,0.0,0.0,0.0,0.0,0.0,lpc
1755486927,1755486929,0.0,0.0,0.0,0.0,0.0,0.0,0.0,0.0,0.0,0.0,lpc
1755486928,1755486930,0.0,0.0,0.0,0.0,0.0,0.0,0.0,0.0,0.0,0.0,lpc
1755486929,1755486931,0.0,0.0,0.0,0.0,0.0,0.0,0.0,0.0,0.0,0.0,lpc
1755486930,1755486932,0.0,0.0,0.0,0.0,0.0,0.0,0.0,0.0,0.0,0.0,lpc
1755486931,1755486933,0.0,0.0,0.0,0.0,0.0,0.0,0.0,0.0,0.0,0.0,lpc
1755486932,1755486934,0.0,0.0,0.0,0.0,0.0,0.0,0.0,0.0,0.0,0.0,lpc
1755486933,1755486935,0.0,0.0,0.0,0.0,0.0,0.0,0.0,0.0,0.0,0.0,lpc
1755486934,1755486936,0.0,0.0,0.0,0.0,0.0,0.0,0.0,0.0,0.0,0.0,lpc
1755486935,1755486937,0.0,0.0,0.0,0.0,0.0,0.0,0.0,0.0,0.0,0.0,lpc
1755486936,1755486938,0.0,0.0,0.0,0.0,0.0,0.0,0.0,0.0,0.0,0.0,lpc
1755486937,1755486939,0.0,0.0,0.0,0.0,0.0,0.0,0.0,0.0,0.0,0.0,lpc
1755486938,1755486940,0.0,0.0,0.0,0.0,0.0,0.0,0.0,0.0,0.0,0.0,lpc
1755486939,1755486941,0.0,0.0,0.0,0.0,0.0,0.0,0.0,0.0,0.0,0.0,lpc
1755486940,1755486942,0.0,0.0,0.0,0.0,0.0,0.0,0.0,0.0,0.0,0.0,lpc
1755486941,1755486943,0.0,0.0,0.0,0.0,0.0,0.0,0.0,0.0,0.0,0.0,lpc
1755486942,1755486944,0.0,0.0,0.0,0.0,0.0,0.0,0.0,0.0,0.0,0.0,lpc
1755486943,1755486945,0.0,0.0,0.0,0.0,0.0,0.0,0.0,0.0,0.0,0.0,lpc
1755486944,1755486946,0.0,0.0,0.0,0.0,0.0,0.0,0.0,0.0,0.0,0.0,lpc
1755486945,1755486947,0.0,0.0,0.0,0.0,0.0,0.0,0.0,0.0,0.0,0.0,lpc
1755486946,1755486948,0.0,0.0,0.0,0.0,0.0,0.0,0.0,0.0,0.0,0.0,lpc
1755486947,1755486949,0.0,0.0,0.0,0.0,0.0,0.0,0.0,0.0,0.0,0.0,lpc
1755486948,1755486950,0.0,0.0,0.0,0.0,0.0,0.0,0.0,0.0,0.0,0.0,lpc
1755486949,1755486951,0.0,0.0,0.0,0.0,0.0,0.0,0.0,0.0,0.0,0.0,lpc
1755486950,1755486952,0.0,0.0,0.0,0.0,0.0,0.0,0.0,0.0,0.0,0.0,lpc
1755486951,1755486953,0.0,0.0,0.0,0.0,0.0,0.0,0.0,0.0,0.0,0.0,lpc
1755486952,1755486954,0.0,0.0,0.0,0.0,0.0,0.0,0.0,0.0,0.0,0.0,lpc
1755486953,1755486955,0.0,0.0,0.0,0.0,0.0,0.0,0.0,0.0,0.0,0.0,lpc
1755486954,1755486956,0.0,0.0,0.0,0.0,0.0,0.0,0.0,0.0,0.0,0.0,lpc
1755486955,1755486957,0.0,0.0,0.0,0.0,0.0,0.0,0.0,0.0,0.0,0.0,lpc
1755486956,1755486958,0.0,0.0,0.0,0.0,0.0,0.0,0.0,0.0,0.0,0.0,lpc
1755486957,1755486959,0.0,0.0,0.0,0.0,0.0,0.0,0.0,0.0,0.0,0.0,lpc
1755486958,1755486960,0.0,0.0,0.0,0.0,0.0,0.0,0.0,0.0,0.0,0.0,lpc
1755486959,1755486961,0.0,0.0,0.0,0.0,0.0,0.0,0.0,0.0,0.0,0.0,lpc
1755486960,1755486962,0.0,0.0,0.0,0.0,0.0,0.0,0.0,0.0,0.0,0.0,lpc
1755486961,1755486963,0.0,0.0,0.0,0.0,0.0,0.0,0.0,0.0,0.0,0.0,lpc
1755486962,1755486964,0.0,0.0,0.0,0.0,0.0,0.0,0.0,0.0,0.0,0.0,lpc
1755486963,1755486965,0.0,0.0,0.0,0.0,0.0,0.0,0.0,0.0,0.0,0.0,lpc
1755486964,1755486966,0.0,0.0,0.0,0.0,0.0,0.0,0.0,0.0,0.0,0.0,lpc
1755486965,1755486967,0.0,0.0,0.0,0.0,0.0,0.0,0.0,0.0,0.0,0.0,lpc
1755486966,1755486968,0.0,0.0,0.0,0.0,0.0,0.0,0.0,0.0,0.0,0.0,lpc
1755486967,1755486969,0.0,0.0,0.0,0.0,0.0,0.0,0.0,0.0,0.0,0.0,lpc
1755486968,1755486970,0.0,0.0,0.0,0.0,0.0,0.0,0.0,0.0,0.0,0.0,lpc
1755486969,1755486971,0.0,0.0,0.0,0.0,0.0,0.0,0.0,0.0,0.0,0.0,lpc
1755486970,1755486972,0.0,0.0,0.0,0.0,0.0,0.0,0.0,0.0,0.0,0.0,lpc
1755486971,1755486973,0.0,0.0,0.0,0.0,0.0,0.0,0.0,0.0,0.0,0.0,lpc
1755486972,1755486974,0.0,0.0,0.0,0.0,0.0,0.0,0.0,0.0,0.0,0.0,lpc
1755486973,1755486975,0.0,0.0,0.0,0.0,0.0,0.0,0.0,0.0,0.0,0.0,lpc
1755486974,1755486976,0.0,0.0,0.0,0.0,0.0,0.0,0.0,0.0,0.0,0.0,lpc
1755486975,1755486977,0.0,0.0,0.0,0.0,0.0,0.0,0.0,0.0,0.0,0.0,lpc
1755486976,1755486978,0.0,0.0,0.0,0.0,0.0,0.0,0.0,0.0,0.0,0.0,lpc
1755486977,1755486979,0.0,0.0,0.0,0.0,0.0,0.0,0.0,0.0,0.0,0.0,lpc
1755486978,1755486980,0.0,0.0,0.0,0.0,0.0,0.0,0.0,0.0,0.0,0.0,lpc
1755486979,1755486981,0.0,0.0,0.0,0.0,0.0,0.0,0.0,0.0,0.0,0.0,lpc
1755486980,1755486982,0.0,0.0,0.0,0.0,0.0,0.0,0.0,0.0,0.0,0.0,lpc
1755486981,1755486983,0.0,0.0,0.0,0.0,0.0,0.0,0.0,0.0,0.0,0.0,lpc
1755486982,1755486984,0.0,0.0,0.0,0.0,0.0,0.0,0.0,0.0,0.0,0.0,lpc
1755486983,1755486985,0.0,0.0,0.0,0.0,0.0,0.0,0.0,0.0,0.0,0.0,lpc
1755486984,1755486986,0.0,0.0,0.0,0.0,0.0,0.0,0.0,0.0,0.0,0.0,lpc
1755486985,1755486987,0.0,0.0,0.0,0.0,0.0,0.0,0.0,0.0,0.0,0.0,lpc
1755486986,1755486988,0.0,0.0,0.0,0.0,0.0,0.0,0.0,0.0,0.0,0.0,lpc
1755486987,1755486989,0.0,0.0,0.0,0.0,0.0,0.0,0.0,0.0,0.0,0.0,lpc
1755486988,1755486990,0.0,0.0,0.0,0.0,0.0,0.0,0.0,0.0,0.0,0.0,lpc
1755486989,1755486991,0.0,0.0,0.0,0.0,0.0,0.0,0.0,0.0,0.0,0.0,lpc
1755486990,1755486992,0.0,0.0,0.0,0.0,0.0,0.0,0.0,0.0,0.0,0.0,lpc
1755486991,1755486993,0.0,0.0,0.0,0.0,0.0,0.0,0.0,0.0,0.0,0.0,lpc
1755486992,1755486994,0.0,0.0,0.0,0.0,0.0,0.0,0.0,0.0,0.0,0.0,lpc
1755486993,1755486995,0.0,0.0,0.0,0.0,0.0,0.0,0.0,0.0,0.0,0.0,lpc
1755486994,1755486996,0.0,0.0,0.0,0.0,0.0,0.0,0.0,0.0,0.0,0.0,lpc
1755486995,1755486997,0.0,0.0,0.0,0.0,0.0,0.0,0.0,0.0,0.0,0.0,lpc
1755486996,1755486998,0.0,0.0,0.0,0.0,0.0,0.0,0.0,0.0,0.0,0.0,lpc
1755486997,1755486999,0.0,0.0,0.0,0.0,0.0,0.0,0.0,0.0,0.0,0.0,lpc
1755486998,1755487000,0.0,0.0,0.0,0.0,0.0,0.0,0.0,0.0,0.0,0.0,lpc
1755486999,1755487001,0.0,0.0,0.0,0.0,0.0,0.0,0.0,0.0,0.0,0.0,lpc
1755487000,1755487002,0.0,0.0,0.0,0.0,0.0,0.0,0.0,0.0,0.0,0.0,lpc
1755487001,1755487003,0.0,0.0,0.0,0.0,0.0,0.0,0.0,0.0,0.0,0.0,lpc
1755487002,1755487004,0.0,0.0,0.0,0.0,0.0,0.0,0.0,0.0,0.0,0.0,lpc
1755487003,1755487005,0.0,0.0,0.0,0.0,0.0,0.0,0.0,0.0,0.0,0.0,lpc
1755487004,1755487006,0.0,0.0,0.0,0.0,0.0,0.0,0.0,0.0,0.0,0.0,lpc
1755487005,1755487007,0.0,0.0,0.0,0.0,0.0,0.0,0.0,0.0,0.0,0.0,lpc
1755487006,1755487008,0.0,0.0,0.0,0.0,0.0,0.0,0.0,0.0,0.0,0.0,lpc
1755487007,1755487009,0.0,0.0,0.0,0.0,0.0,0.0,0.0,0.0,0.0,0.0,lpc
1755487008,1755487010,0.0,0.0,0.0,0.0,0.0,0.0,0.0,0.0,0.0,0.0,lpc
1755487009,1755487011,0.0,0.0,0.0,0.0,0.0,0.0,0.0,0.0,0.0,0.0,lpc
1755487010,1755487012,0.0,0.0,0.0,0.0,0.0,0.0,0.0,0.0,0.0,0.0,lpc
1755487011,1755487013,0.0,0.0,0.0,0.0,0.0,0.0,0.0,0.0,0.0,0.0,lpc
1755487012,1755487014,0.0,0.0,0.0,0.0,0.0,0.0,0.0,0.0,0.0,0.0,lpc
1755487013,1755487015,0.0,0.0,0.0,0.0,0.0,0.0,0.0,0.0,0.0,0.0,lpc
1755487014,1755487016,0.0,0.0,0.0,0.0,0.0,0.0,0.0,0.0,0.0,0.0,lpc
1755487015,1755487017,0.0,0.0,0.0,0.0,0.0,0.0,0.0,0.0,0.0,0.0,lpc
1755487016,1755487018,0.0,0.0,0.0,0.0,0.0,0.0,0.0,0.0,0.0,0.0,lpc
1755487017,1755487019,0.0,0.0,0.0,0.0,0.0,0.0,0.0,0.0,0.0,0.0,lpc
1755487018,1755487020,0.0,0.0,0.0,0.0,0.0,0.0,0.0,0.0,0.0,0.0,lpc
1755487019,1755487021,0.0,0.0,0.0,0.0,0.0,0.0,0.0,0.0,0.0,0.0,lpc
1755487020,1755487022,0.0,0.0,0.0,0.0,0.0,0.0,0.0,0.0,0.0,0.0,lpc
1755487021,1755487023,0.0,0.0,0.0,0.0,0.0,0.0,0.0,0.0,0.0,0.0,lpc
1755487022,1755487024,0.0,0.0,0.0,0.0,0.0,0.0,0.0,0.0,0.0,0.0,lpc
1755487023,1755487025,0.0,0.0,0.0,0.0,0.0,0.0,0.0,0.0,0.0,0.0,lpc
1755487024,1755487026,0.0,0.0,0.0,0.0,0.0,0.0,0.0,0.0,0.0,0.0,lpc
1755487025,1755487027,0.0,0.0,0.0,0.0,0.0,0.0,0.0,0.0,0.0,0.0,lpc
1755487026,1755487028,0.0,0.0,0.0,0.0,0.0,0.0,0.0,0.0,0.0,0.0,lpc
1755487027,1755487029,0.0,0.0,0.0,0.0,0.0,0.0,0.0,0.0,0.0,0.0,lpc
1755487028,1755487030,0.0,0.0,0.0,0.0,0.0,0.0,0.0,0.0,0.0,0.0,lpc
1755487029,1755487031,0.0,0.0,0.0,0.0,0.0,0.0,0.0,0.0,0.0,0.0,lpc
1755487030,1755487032,0.0,0.0,0.0,0.0,0.0,0.0,0.0,0.0,0.0,0.0,lpc
1755487031,1755487033,0.0,0.0,0.0,0.0,0.0,0.0,0.0,0.0,0.0,0.0,lpc
1755487032,1755487034,0.0,0.0,0.0,0.0,0.0,0.0,0.0,0.0,0.0,0.0,lpc
1755487033,1755487035,0.0,0.0,0.0,0.0,0.0,0.0,0.0,0.0,0.0,0.0,lpc
1755487034,1755487036,0.0,0.0,0.0,0.0,0.0,0.0,0.0,0.0,0.0,0.0,lpc
1755487035,1755487037,0.0,0.0,0.0,0.0,0.0,0.0,0.0,0.0,0.0,0.0,lpc
1755487036,1755487038,0.0,0.0,0.0,0.0,0.0,0.0,0.0,0.0,0.0,0.0,lpc
1755487037,1755487039,0.0,0.0,0.0,0.0,0.0,0.0,0.0,0.0,0.0,0.0,lpc
1755487038,1755487040,0.0,0.0,0.0,0.0,0.0,0.0,0.0,0.0,0.0,0.0,lpc
1755487039,1755487041,0.0,0.0,0.0,0.0,0.0,0.0,0.0,0.0,0.0,0.0,lpc
1755487040,1755487042,0.0,0.0,0.0,0.0,0.0,0.0,0.0,0.0,0.0,0.0,lpc
1755487041,1755487043,0.0,0.0,0.0,0.0,0.0,0.0,0.0,0.0,0.0,0.0,lpc
1755487042,1755487044,0.0,0.0,0.0,0.0,0.0,0.0,0.0,0.0,0.0,0.0,lpc
1755487043,1755487045,0.0,0.0,0.0,0.0,0.0,0.0,0.0,0.0,0.0,0.0,lpc
1755487044,1755487046,0.0,0.0,0.0,0.0,0.0,0.0,0.0,0.0,0.0,0.0,lpc
1755487045,1755487047,0.0,0.0,0.0,0.0,0.0,0.0,0.0,0.0,0.0,0.0,lpc
1755487046,1755487048,0.0,0.0,0.0,0.0,0.0,0.0,0.0,0.0,0.0,0.0,lpc
1755487047,1755487049,0.0,0.0,0.0,0.0,0.0,0.0,0.0,0.0,0.0,0.0,lpc
1755487048,1755487050,0.0,0.0,0.0,0.0,0.0,0.0,0.0,0.0,0.0,0.0,lpc
1755487049,1755487051,0.0,0.0,0.0,0.0,0.0,0.0,0.0,0.0,0.0,0.0,lpc
1755487050,1755487052,0.0,0.0,0.0,0.0,0.0,0.0,0.0,0.0,0.0,0.0,lpc
1755487051,1755487053,0.0,0.0,0.0,0.0,0.0,0.0,0.0,0.0,0.0,0.0,lpc
1755487052,1755487054,0.0,0.0,0.0,0.0,0.0,0.0,0.0,0.0,0.0,0.0,lpc
1755487053,1755487055,0.0,0.0,0.0,0.0,0.0,0.0,0.0,0.0,0.0,0.0,lpc
1755487054,1755487056,0.0,0.0,0.0,0.0,0.0,0.0,0.0,0.0,0.0,0.0,lpc
1755487055,1755487057,0.0,0.0,0.0,0.0,0.0,0.0,0.0,0.0,0.0,0.0,lpc
1755487056,1755487058,0.0,0.0,0.0,0.0,0.0,0.0,0.0,0.0,0.0,0.0,lpc
1755487057,1755487059,0.0,0.0,0.0,0.0,0.0,0.0,0.0,0.0,0.0,0.0,lpc
1755487058,1755487060,0.0,0.0,0.0,0.0,0.0,0.0,0.0,0.0,0.0,0.0,lpc
1755487059,1755487061,0.0,0.0,0.0,0.0,0.0,0.0,0.0,0.0,0.0,0.0,lpc
1755487060,1755487062,0.0,0.0,0.0,0.0,0.0,0.0,0.0,0.0,0.0,0.0,lpc
1755487061,1755487063,0.0,0.0,0.0,0.0,0.0,0.0,0.0,0.0,0.0,0.0,lpc
1755487062,1755487064,0.0,0.0,0.0,0.0,0.0,0.0,0.0,0.0,0.0,0.0,lpc
1755487063,1755487065,0.0,0.0,0.0,0.0,0.0,0.0,0.0,0.0,0.0,0.0,lpc
1755487064,1755487066,0.0,0.0,0.0,0.0,0.0,0.0,0.0,0.0,0.0,0.0,lpc
1755487065,1755487067,0.0,0.0,0.0,0.0,0.0,0.0,0.0,0.0,0.0,0.0,lpc
1755487066,1755487068,0.0,0.0,0.0,0.0,0.0,0.0,0.0,0.0,0.0,0.0,lpc
1755487067,1755487069,0.0,0.0,0.0,0.0,0.0,0.0,0.0,0.0,0.0,0.0,lpc
1755487068,1755487070,0.0,0.0,0.0,0.0,0.0,0.0,0.0,0.0,0.0,0.0,lpc
1755487069,1755487071,0.0,0.0,0.0,0.0,0.0,0.0,0.0,0.0,0.0,0.0,lpc
1755487070,1755487072,0.0,0.0,0.0,0.0,0.0,0.0,0.0,0.0,0.0,0.0,lpc
1755487071,1755487073,0.0,0.0,0.0,0.0,0.0,0.0,0.0,0.0,0.0,0.0,lpc
1755487072,1755487074,0.0,0.0,0.0,0.0,0.0,0.0,0.0,0.0,0.0,0.0,lpc
1755487073,1755487075,0.0,0.0,0.0,0.0,0.0,0.0,0.0,0.0,0.0,0.0,lpc
1755487074,1755487076,0.0,0.0,0.0,0.0,0.0,0.0,0.0,0.0,0.0,0.0,lpc
1755487075,1755487077,0.0,0.0,0.0,0.0,0.0,0.0,0.0,0.0,0.0,0.0,lpc
1755487076,1755487078,0.0,0.0,0.0,0.0,0.0,0.0,0.0,0.0,0.0,0.0,lpc
1755487077,1755487079,0.0,0.0,0.0,0.0,0.0,0.0,0.0,0.0,0.0,0.0,lpc
1755487078,1755487080,0.0,0.0,0.0,0.0,0.0,0.0,0.0,0.0,0.0,0.0,lpc
1755487079,1755487081,0.0,0.0,0.0,0.0,0.0,0.0,0.0,0.0,0.0,0.0,lpc
1755487080,1755487082,0.0,0.0,0.0,0.0,0.0,0.0,0.0,0.0,0.0,0.0,lpc
1755487081,1755487083,0.0,0.0,0.0,0.0,0.0,0.0,0.0,0.0,0.0,0.0,lpc
1755487082,1755487084,0.0,0.0,0.0,0.0,0.0,0.0,0.0,0.0,0.0,0.0,lpc
1755487083,1755487085,0.0,0.0,0.0,0.0,0.0,0.0,0.0,0.0,0.0,0.0,lpc
1755487084,1755487086,0.0,0.0,0.0,0.0,0.0,0.0,0.0,0.0,0.0,0.0,lpc
1755487085,1755487087,0.0,0.0,0.0,0.0,0.0,0.0,0.0,0.0,0.0,0.0,lpc
1755487086,1755487088,0.0,0.0,0.0,0.0,0.0,0.0,0.0,0.0,0.0,0.0,lpc
1755487087,1755487089,0.0,0.0,0.0,0.0,0.0,0.0,0.0,0.0,0.0,0.0,lpc
1755487088,1755487090,0.0,0.0,0.0,0.0,0.0,0.0,0.0,0.0,0.0,0.0,lpc
1755487089,1755487091,0.0,0.0,0.0,0.0,0.0,0.0,0.0,0.0,0.0,0.0,lpc
1755487090,1755487092,0.0,0.0,0.0,0.0,0.0,0.0,0.0,0.0,0.0,0.0,lpc
1755487091,1755487093,0.0,0.0,0.0,0.0,0.0,0.0,0.0,0.0,0.0,0.0,lpc
1755487092,1755487094,0.0,0.0,0.0,0.0,0.0,0.0,0.0,0.0,0.0,0.0,lpc
1755487093,1755487095,0.0,0.0,0.0,0.0,0.0,0.0,0.0,0.0,0.0,0.0,lpc
1755487094,1755487096,0.0,0.0,0.0,0.0,0.0,0.0,0.0,0.0,0.0,0.0,lpc
1755487095,1755487097,0.0,0.0,0.0,0.0,0.0,0.0,0.0,0.0,0.0,0.0,lpc
1755487096,1755487098,0.0,0.0,0.0,0.0,0.0,0.0,0.0,0.0,0.0,0.0,lpc
1755487097,1755487099,0.0,0.0,0.0,0.0,0.0,0.0,0.0,0.0,0.0,0.0,lpc
1755487098,1755487100,0.0,0.0,0.0,0.0,0.0,0.0,0.0,0.0,0.0,0.0,lpc
1755487099,1755487101,0.0,0.0,0.0,0.0,0.0,0.0,0.0,0.0,0.0,0.0,lpc
1755487100,1755487102,0.0,0.0,0.0,0.0,0.0,0.0,0.0,0.0,0.0,0.0,lpc
1755487101,1755487103,0.0,0.0,0.0,0.0,0.0,0.0,0.0,0.0,0.0,0.0,lpc
1755487102,1755487104,0.0,0.0,0.0,0.0,0.0,0.0,0.0,0.0,0.0,0.0,lpc
1755487103,1755487105,0.0,0.0,0.0,0.0,0.0,0.0,0.0,0.0,0.0,0.0,lpc
1755487104,1755487106,0.0,0.0,0.0,0.0,0.0,0.0,0.0,0.0,0.0,0.0,lpc
1755487105,1755487107,0.0,0.0,0.0,0.0,0.0,0.0,0.0,0.0,0.0,0.0,lpc
1755487106,1755487108,0.0,0.0,0.0,0.0,0.0,0.0,0.0,0.0,0.0,0.0,lpc
1755487107,1755487109,0.0,0.0,0.0,0.0,0.0,0.0,0.0,0.0,0.0,0.0,lpc
1755487108,1755487110,0.0,0.0,0.0,0.0,0.0,0.0,0.0,0.0,0.0,0.0,lpc
1755487109,1755487111,0.0,0.0,0.0,0.0,0.0,0.0,0.0,0.0,0.0,0.0,lpc
1755487110,1755487112,0.0,0.0,0.0,0.0,0.0,0.0,0.0,0.0,0.0,0.0,lpc
1755487111,1755487113,0.0,0.0,0.0,0.0,0.0,0.0,0.0,0.0,0.0,0.0,lpc
1755487112,1755487114,0.0,0.0,0.0,0.0,0.0,0.0,0.0,0.0,0.0,0.0,lpc
1755487113,1755487115,0.0,0.0,0.0,0.0,0.0,0.0,0.0,0.0,0.0,0.0,lpc
1755487114,1755487116,0.0,0.0,0.0,0.0,0.0,0.0,0.0,0.0,0.0,0.0,lpc
1755487115,1755487117,0.0,0.0,0.0,0.0,0.0,0.0,0.0,0.0,0.0,0.0,lpc
1755487116,1755487118,0.0,0.0,0.0,0.0,0.0,0.0,0.0,0.0,0.0,0.0,lpc
1755487117,1755487119,0.0,0.0,0.0,0.0,0.0,0.0,0.0,0.0,0.0,0.0,lpc
1755487118,1755487120,0.0,0.0,0.0,0.0,0.0,0.0,0.0,0.0,0.0,0.0,lpc
1755487119,1755487121,0.0,0.0,0.0,0.0,0.0,0.0,0.0,0.0,0.0,0.0,lpc
1755487120,1755487122,0.0,0.0,0.0,0.0,0.0,0.0,0.0,0.0,0.0,0.0,lpc
1755487121,1755487123,0.0,0.0,0.0,0.0,0.0,0.0,0.0,0.0,0.0,0.0,lpc
1755487122,1755487124,0.0,0.0,0.0,0.0,0.0,0.0,0.0,0.0,0.0,0.0,lpc
1755487123,1755487125,0.0,0.0,0.0,0.0,0.0,0.0,0.0,0.0,0.0,0.0,lpc
1755487124,1755487126,0.0,0.0,0.0,0.0,0.0,0.0,0.0,0.0,0.0,0.0,lpc
1755487125,1755487127,0.0,0.0,0.0,0.0,0.0,0.0,0.0,0.0,0.0,0.0,lpc
1755487126,1755487128,0.0,0.0,0.0,0.0,0.0,0.0,0.0,0.0,0.0,0.0,lpc
1755487127,1755487129,0.0,0.0,0.0,0.0,0.0,0.0,0.0,0.0,0.0,0.0,lpc
1755487128,1755487130,0.0,0.0,0.0,0.0,0.0,0.0,0.0,0.0,0.0,0.0,lpc
1755487129,1755487131,0.0,0.0,0.0,0.0,0.0,0.0,0.0,0.0,0.0,0.0,lpc
1755487130,1755487132,0.0,0.0,0.0,0.0,0.0,0.0,0.0,0.0,0.0,0.0,lpc
1755487131,1755487133,0.0,0.0,0.0,0.0,0.0,0.0,0.0,0.0,0.0,0.0,lpc
1755487132,1755487134,0.0,0.0,0.0,0.0,0.0,0.0,0.0,0.0,0.0,0.0,lpc
1755487133,1755487135,0.0,0.0,0.0,0.0,0.0,0.0,0.0,0.0,0.0,0.0,lpc
1755487134,1755487136,0.0,0.0,0.0,0.0,0.0,0.0,0.0,0.0,0.0,0.0,lpc
1755487135,1755487137,0.0,0.0,0.0,0.0,0.0,0.0,0.0,0.0,0.0,0.0,lpc
1755487136,1755487138,0.0,0.0,0.0,0.0,0.0,0.0,0.0,0.0,0.0,0.0,lpc
1755487137,1755487139,0.0,0.0,0.0,0.0,0.0,0.0,0.0,0.0,0.0,0.0,lpc
1755487138,1755487140,0.0,0.0,0.0,0.0,0.0,0.0,0.0,0.0,0.0,0.0,lpc
1755487139,1755487141,0.0,0.0,0.0,0.0,0.0,0.0,0.0,0.0,0.0,0.0,lpc
1755487140,1755487142,0.0,0.0,0.0,0.0,0.0,0.0,0.0,0.0,0.0,0.0,lpc
1755487141,1755487143,0.0,0.0,0.0,0.0,0.0,0.0,0.0,0.0,0.0,0.0,lpc
1755487142,1755487144,0.0,0.0,0.0,0.0,0.0,0.0,0.0,0.0,0.0,0.0,lpc
1755487143,1755487145,0.0,0.0,0.0,0.0,0.0,0.0,0.0,0.0,0.0,0.0,lpc
1755487144,1755487146,0.0,0.0,0.0,0.0,0.0,0.0,0.0,0.0,0.0,0.0,lpc
1755487145,1755487147,0.0,0.0,0.0,0.0,0.0,0.0,0.0,0.0,0.0,0.0,lpc
1755487146,1755487148,0.0,0.0,0.0,0.0,0.0,0.0,0.0,0.0,0.0,0.0,lpc
1755487147,1755487149,0.0,0.0,0.0,0.0,0.0,0.0,0.0,0.0,0.0,0.0,lpc
1755487148,1755487150,0.0,0.0,0.0,0.0,0.0,0.0,0.0,0.0,0.0,0.0,lpc
1755487149,1755487151,0.0,0.0,0.0,0.0,0.0,0.0,0.0,0.0,0.0,0.0,lpc
1755487150,1755487152,0.0,0.0,0.0,0.0,0.0,0.0,0.0,0.0,0.0,0.0,lpc
1755487151,1755487153,0.0,0.0,0.0,0.0,0.0,0.0,0.0,0.0,0.0,0.0,lpc
1755487152,1755487154,0.0,0.0,0.0,0.0,0.0,0.0,0.0,0.0,0.0,0.0,lpc
1755487153,1755487155,0.0,0.0,0.0,0.0,0.0,0.0,0.0,0.0,0.0,0.0,lpc
1755487154,1755487156,0.0,0.0,0.0,0.0,0.0,0.0,0.0,0.0,0.0,0.0,lpc
1755487155,1755487157,0.0,0.0,0.0,0.0,0.0,0.0,0.0,0.0,0.0,0.0,lpc
1755487156,1755487158,0.0,0.0,0.0,0.0,0.0,0.0,0.0,0.0,0.0,0.0,lpc
1755487157,1755487159,0.0,0.0,0.0,0.0,0.0,0.0,0.0,0.0,0.0,0.0,lpc
1755487158,1755487160,0.0,0.0,0.0,0.0,0.0,0.0,0.0,0.0,0.0,0.0,lpc
1755487159,1755487161,0.0,0.0,0.0,0.0,0.0,0.0,0.0,0.0,0.0,0.0,lpc
1755487160,1755487162,0.0,0.0,0.0,0.0,0.0,0.0,0.0,0.0,0.0,0.0,lpc
1755487161,1755487163,0.0,0.0,0.0,0.0,0.0,0.0,0.0,0.0,0.0,0.0,lpc
1755487162,1755487164,0.0,0.0,0.0,0.0,0.0,0.0,0.0,0.0,0.0,0.0,lpc
1755487163,1755487165,0.0,0.0,0.0,0.0,0.0,0.0,0.0,0.0,0.0,0.0,lpc
1755487164,1755487166,0.0,0.0,0.0,0.0,0.0,0.0,0.0,0.0,0.0,0.0,lpc
1755487165,1755487167,0.0,0.0,0.0,0.0,0.0,0.0,0.0,0.0,0.0,0.0,lpc
1755487166,1755487168,0.0,0.0,0.0,0.0,0.0,0.0,0.0,0.0,0.0,0.0,lpc
1755487167,1755487169,0.0,0.0,0.0,0.0,0.0,0.0,0.0,0.0,0.0,0.0,lpc
1755487168,1755487170,0.0,0.0,0.0,0.0,0.0,0.0,0.0,0.0,0.0,0.0,lpc
1755487169,1755487171,0.0,0.0,0.0,0.0,0.0,0.0,0.0,0.0,0.0,0.0,lpc
1755487170,1755487172,0.0,0.0,0.0,0.0,0.0,0.0,0.0,0.0,0.0,0.0,lpc
1755487171,1755487173,0.0,0.0,0.0,0.0,0.0,0.0,0.0,0.0,0.0,0.0,lpc
1755487172,1755487174,0.0,0.0,0.0,0.0,0.0,0.0,0.0,0.0,0.0,0.0,lpc
1755487173,1755487175,0.0,0.0,0.0,0.0,0.0,0.0,0.0,0.0,0.0,0.0,lpc
1755487174,1755487176,0.0,0.0,0.0,0.0,0.0,0.0,0.0,0.0,0.0,0.0,lpc
1755487175,1755487177,0.0,0.0,0.0,0.0,0.0,0.0,0.0,0.0,0.0,0.0,lpc
1755487176,1755487178,0.0,0.0,0.0,0.0,0.0,0.0,0.0,0.0,0.0,0.0,lpc
1755487177,1755487179,0.0,0.0,0.0,0.0,0.0,0.0,0.0,0.0,0.0,0.0,lpc
1755487178,1755487180,0.0,0.0,0.0,0.0,0.0,0.0,0.0,0.0,0.0,0.0,lpc
1755487179,1755487181,0.0,0.0,0.0,0.0,0.0,0.0,0.0,0.0,0.0,0.0,lpc
1755487180,1755487182,0.0,0.0,0.0,0.0,0.0,0.0,0.0,0.0,0.0,0.0,lpc
1755487181,1755487183,0.0,0.0,0.0,0.0,0.0,0.0,0.0,0.0,0.0,0.0,lpc
1755487182,1755487184,0.0,0.0,0.0,0.0,0.0,0.0,0.0,0.0,0.0,0.0,lpc
1755487183,1755487185,0.0,0.0,0.0,0.0,0.0,0.0,0.0,0.0,0.0,0.0,lpc
1755487184,1755487186,0.0,0.0,0.0,0.0,0.0,0.0,0.0,0.0,0.0,0.0,lpc
1755487185,1755487187,0.0,0.0,0.0,0.0,0.0,0.0,0.0,0.0,0.0,0.0,lpc
1755487186,1755487188,0.0,0.0,0.0,0.0,0.0,0.0,0.0,0.0,0.0,0.0,lpc
1755487187,1755487189,0.0,0.0,0.0,0.0,0.0,0.0,0.0,0.0,0.0,0.0,lpc
1755487188,1755487190,0.0,0.0,0.0,0.0,0.0,0.0,0.0,0.0,0.0,0.0,lpc
1755487189,1755487191,0.0,0.0,0.0,0.0,0.0,0.0,0.0,0.0,0.0,0.0,lpc
1755487190,1755487192,0.0,0.0,0.0,0.0,0.0,0.0,0.0,0.0,0.0,0.0,lpc
1755487191,1755487193,0.0,0.0,0.0,0.0,0.0,0.0,0.0,0.0,0.0,0.0,lpc
1755487192,1755487194,0.0,0.0,0.0,0.0,0.0,0.0,0.0,0.0,0.0,0.0,lpc
1755487193,1755487195,0.0,0.0,0.0,0.0,0.0,0.0,0.0,0.0,0.0,0.0,lpc
1755487194,1755487196,0.0,0.0,0.0,0.0,0.0,0.0,0.0,0.0,0.0,0.0,lpc
1755487195,1755487197,0.0,0.0,0.0,0.0,0.0,0.0,0.0,0.0,0.0,0.0,lpc
1755487196,1755487198,0.0,0.0,0.0,0.0,0.0,0.0,0.0,0.0,0.0,0.0,lpc
1755487197,1755487199,0.0,0.0,0.0,0.0,0.0,0.0,0.0,0.0,0.0,0.0,lpc
1755487198,1755487200,0.0,0.0,0.0,0.0,0.0,0.0,0.0,0.0,0.0,0.0,lpc
1755487199,1755487201,0.0,0.0,0.0,0.0,0.0,0.0,0.0,0.0,0.0,0.0,lpc
1755487200,1755487202,0.0,0.0,0.0,0.0,0.0,0.0,0.0,0.0,0.0,0.0,lpc
1755487201,1755487203,0.0,0.0,0.0,0.0,0.0,0.0,0.0,0.0,0.0,0.0,lpc
1755487202,1755487204,0.0,0.0,0.0,0.0,0.0,0.0,0.0,0.0,0.0,0.0,lpc
1755487203,1755487205,0.0,0.0,0.0,0.0,0.0,0.0,0.0,0.0,0.0,0.0,lpc
1755487204,1755487206,0.0,0.0,0.0,0.0,0.0,0.0,0.0,0.0,0.0,0.0,lpc
1755487205,1755487207,0.0,0.0,0.0,0.0,0.0,0.0,0.0,0.0,0.0,0.0,lpc
1755487206,1755487208,0.0,0.0,0.0,0.0,0.0,0.0,0.0,0.0,0.0,0.0,lpc
1755487207,1755487209,0.0,0.0,0.0,0.0,0.0,0.0,0.0,0.0,0.0,0.0,lpc
1755487208,1755487210,0.0,0.0,0.0,0.0,0.0,0.0,0.0,0.0,0.0,0.0,lpc
1755487209,1755487211,0.0,0.0,0.0,0.0,0.0,0.0,0.0,0.0,0.0,0.0,lpc
1755487210,1755487212,0.0,0.0,0.0,0.0,0.0,0.0,0.0,0.0,0.0,0.0,lpc
1755487211,1755487213,0.0,0.0,0.0,0.0,0.0,0.0,0.0,0.0,0.0,0.0,lpc
1755487212,1755487214,0.0,0.0,0.0,0.0,0.0,0.0,0.0,0.0,0.0,0.0,lpc
1755487213,1755487215,0.0,0.0,0.0,0.0,0.0,0.0,0.0,0.0,0.0,0.0,lpc
1755487214,1755487216,0.0,0.0,0.0,0.0,0.0,0.0,0.0,0.0,0.0,0.0,lpc
1755487215,1755487217,0.0,0.0,0.0,0.0,0.0,0.0,0.0,0.0,0.0,0.0,lpc
1755487216,1755487218,0.0,0.0,0.0,0.0,0.0,0.0,0.0,0.0,0.0,0.0,lpc
1755487217,1755487219,0.0,0.0,0.0,0.0,0.0,0.0,0.0,0.0,0.0,0.0,lpc
1755487218,1755487220,0.0,0.0,0.0,0.0,0.0,0.0,0.0,0.0,0.0,0.0,lpc
1755487219,1755487221,0.0,0.0,0.0,0.0,0.0,0.0,0.0,0.0,0.0,0.0,lpc
1755487220,1755487222,0.0,0.0,0.0,0.0,0.0,0.0,0.0,0.0,0.0,0.0,lpc
1755487221,1755487223,0.0,0.0,0.0,0.0,0.0,0.0,0.0,0.0,0.0,0.0,lpc
1755487222,1755487224,0.0,0.0,0.0,0.0,0.0,0.0,0.0,0.0,0.0,0.0,lpc
1755487223,1755487225,0.0,0.0,0.0,0.0,0.0,0.0,0.0,0.0,0.0,0.0,lpc
1755487224,1755487226,0.0,0.0,0.0,0.0,0.0,0.0,0.0,0.0,0.0,0.0,lpc
1755487225,1755487227,0.0,0.0,0.0,0.0,0.0,0.0,0.0,0.0,0.0,0.0,lpc
1755487226,1755487228,0.0,0.0,0.0,0.0,0.0,0.0,0.0,0.0,0.0,0.0,lpc
1755487227,1755487229,0.0,0.0,0.0,0.0,0.0,0.0,0.0,0.0,0.0,0.0,lpc
1755487228,1755487230,0.0,0.0,0.0,0.0,0.0,0.0,0.0,0.0,0.0,0.0,lpc
1755487229,1755487231,0.0,0.0,0.0,0.0,0.0,0.0,0.0,0.0,0.0,0.0,lpc
1755487230,1755487232,0.0,0.0,0.0,0.0,0.0,0.0,0.0,0.0,0.0,0.0,lpc
1755487231,1755487233,0.0,0.0,0.0,0.0,0.0,0.0,0.0,0.0,0.0,0.0,lpc
1755487232,1755487234,0.0,0.0,0.0,0.0,0.0,0.0,0.0,0.0,0.0,0.0,lpc
1755487233,1755487235,0.0,0.0,0.0,0.0,0.0,0.0,0.0,0.0,0.0,0.0,lpc
1755487234,1755487236,0.0,0.0,0.0,0.0,0.0,0.0,0.0,0.0,0.0,0.0,lpc
1755487235,1755487237,0.0,0.0,0.0,0.0,0.0,0.0,0.0,0.0,0.0,0.0,lpc
1755487236,1755487238,0.0,0.0,0.0,0.0,0.0,0.0,0.0,0.0,0.0,0.0,lpc
1755487237,1755487239,0.0,0.0,0.0,0.0,0.0,0.0,0.0,0.0,0.0,0.0,lpc
1755487238,1755487240,0.0,0.0,0.0,0.0,0.0,0.0,0.0,0.0,0.0,0.0,lpc
1755487239,1755487241,0.0,0.0,0.0,0.0,0.0,0.0,0.0,0.0,0.0,0.0,lpc
1755487240,1755487242,0.0,0.0,0.0,0.0,0.0,0.0,0.0,0.0,0.0,0.0,lpc
1755487241,1755487243,0.0,0.0,0.0,0.0,0.0,0.0,0.0,0.0,0.0,0.0,lpc
1755487242,1755487244,0.0,0.0,0.0,0.0,0.0,0.0,0.0,0.0,0.0,0.0,lpc
1755487243,1755487245,0.0,0.0,0.0,0.0,0.0,0.0,0.0,0.0,0.0,0.0,lpc
1755487244,1755487246,0.0,0.0,0.0,0.0,0.0,0.0,0.0,0.0,0.0,0.0,lpc
1755487245,1755487247,0.0,0.0,0.0,0.0,0.0,0.0,0.0,0.0,0.0,0.0,lpc
1755487246,1755487248,0.0,0.0,0.0,0.0,0.0,0.0,0.0,0.0,0.0,0.0,lpc
1755487247,1755487249,0.0,0.0,0.0,0.0,0.0,0.0,0.0,0.0,0.0,0.0,lpc
1755487248,1755487250,0.0,0.0,0.0,0.0,0.0,0.0,0.0,0.0,0.0,0.0,lpc
1755487249,1755487251,0.0,0.0,0.0,0.0,0.0,0.0,0.0,0.0,0.0,0.0,lpc
1755487250,1755487252,0.0,0.0,0.0,0.0,0.0,0.0,0.0,0.0,0.0,0.0,lpc
1755487251,1755487253,0.0,0.0,0.0,0.0,0.0,0.0,0.0,0.0,0.0,0.0,lpc
1755487252,1755487254,0.0,0.0,0.0,0.0,0.0,0.0,0.0,0.0,0.0,0.0,lpc
1755487253,1755487255,0.0,0.0,0.0,0.0,0.0,0.0,0.0,0.0,0.0,0.0,lpc
1755487254,1755487256,0.0,0.0,0.0,0.0,0.0,0.0,0.0,0.0,0.0,0.0,lpc
1755487255,1755487257,0.0,0.0,0.0,0.0,0.0,0.0,0.0,0.0,0.0,0.0,lpc
1755487256,1755487258,0.0,0.0,0.0,0.0,0.0,0.0,0.0,0.0,0.0,0.0,lpc
1755487257,1755487259,0.0,0.0,0.0,0.0,0.0,0.0,0.0,0.0,0.0,0.0,lpc
1755487258,1755487260,0.0,0.0,0.0,0.0,0.0,0.0,0.0,0.0,0.0,0.0,lpc
1755487259,1755487261,0.0,0.0,0.0,0.0,0.0,0.0,0.0,0.0,0.0,0.0,lpc
1755487260,1755487262,0.0,0.0,0.0,0.0,0.0,0.0,0.0,0.0,0.0,0.0,lpc
1755487261,1755487263,0.0,0.0,0.0,0.0,0.0,0.0,0.0,0.0,0.0,0.0,lpc
1755487262,1755487264,0.0,0.0,0.0,0.0,0.0,0.0,0.0,0.0,0.0,0.0,lpc
1755487263,1755487265,0.0,0.0,0.0,0.0,0.0,0.0,0.0,0.0,0.0,0.0,lpc
1755487264,1755487266,0.0,0.0,0.0,0.0,0.0,0.0,0.0,0.0,0.0,0.0,lpc
1755487265,1755487267,0.0,0.0,0.0,0.0,0.0,0.0,0.0,0.0,0.0,0.0,lpc
1755487266,1755487268,0.0,0.0,0.0,0.0,0.0,0.0,0.0,0.0,0.0,0.0,lpc
1755487267,1755487269,0.0,0.0,0.0,0.0,0.0,0.0,0.0,0.0,0.0,0.0,lpc
1755487268,1755487270,0.0,0.0,0.0,0.0,0.0,0.0,0.0,0.0,0.0,0.0,lpc
1755487269,1755487271,0.0,0.0,0.0,0.0,0.0,0.0,0.0,0.0,0.0,0.0,lpc
1755487270,1755487272,0.0,0.0,0.0,0.0,0.0,0.0,0.0,0.0,0.0,0.0,lpc
1755487271,1755487273,0.0,0.0,0.0,0.0,0.0,0.0,0.0,0.0,0.0,0.0,lpc
1755487272,1755487274,0.0,0.0,0.0,0.0,0.0,0.0,0.0,0.0,0.0,0.0,lpc
1755487273,1755487275,0.0,0.0,0.0,0.0,0.0,0.0,0.0,0.0,0.0,0.0,lpc
1755487274,1755487276,0.0,0.0,0.0,0.0,0.0,0.0,0.0,0.0,0.0,0.0,lpc
1755487275,1755487277,0.0,0.0,0.0,0.0,0.0,0.0,0.0,0.0,0.0,0.0,lpc
1755487276,1755487278,0.0,0.0,0.0,0.0,0.0,0.0,0.0,0.0,0.0,0.0,lpc
1755487277,1755487279,0.0,0.0,0.0,0.0,0.0,0.0,0.0,0.0,0.0,0.0,lpc
1755487278,1755487280,0.0,0.0,0.0,0.0,0.0,0.0,0.0,0.0,0.0,0.0,lpc
1755487279,1755487281,0.0,0.0,0.0,0.0,0.0,0.0,0.0,0.0,0.0,0.0,lpc
1755487280,1755487282,0.0,0.0,0.0,0.0,0.0,0.0,0.0,0.0,0.0,0.0,lpc
1755487281,1755487283,0.0,0.0,0.0,0.0,0.0,0.0,0.0,0.0,0.0,0.0,lpc
1755487282,1755487284,0.0,0.0,0.0,0.0,0.0,0.0,0.0,0.0,0.0,0.0,lpc
1755487283,1755487285,0.0,0.0,0.0,0.0,0.0,0.0,0.0,0.0,0.0,0.0,lpc
1755487284,1755487286,0.0,0.0,0.0,0.0,0.0,0.0,0.0,0.0,0.0,0.0,lpc
1755487285,1755487287,0.0,0.0,0.0,0.0,0.0,0.0,0.0,0.0,0.0,0.0,lpc
1755487286,1755487288,0.0,0.0,0.0,0.0,0.0,0.0,0.0,0.0,0.0,0.0,lpc
1755487287,1755487289,0.0,0.0,0.0,0.0,0.0,0.0,0.0,0.0,0.0,0.0,lpc
1755487288,1755487290,0.0,0.0,0.0,0.0,0.0,0.0,0.0,0.0,0.0,0.0,lpc
1755487289,1755487291,0.0,0.0,0.0,0.0,0.0,0.0,0.0,0.0,0.0,0.0,lpc
1755487290,1755487292,0.0,0.0,0.0,0.0,0.0,0.0,0.0,0.0,0.0,0.0,lpc
1755487291,1755487293,0.0,0.0,0.0,0.0,0.0,0.0,0.0,0.0,0.0,0.0,lpc
1755487292,1755487294,0.0,0.0,0.0,0.0,0.0,0.0,0.0,0.0,0.0,0.0,lpc
1755487293,1755487295,0.0,0.0,0.0,0.0,0.0,0.0,0.0,0.0,0.0,0.0,lpc
1755487294,1755487296,0.0,0.0,0.0,0.0,0.0,0.0,0.0,0.0,0.0,0.0,lpc
1755487295,1755487297,0.0,0.0,0.0,0.0,0.0,0.0,0.0,0.0,0.0,0.0,lpc
1755487296,1755487298,0.0,0.0,0.0,0.0,0.0,0.0,0.0,0.0,0.0,0.0,lpc
1755487297,1755487299,0.0,0.0,0.0,0.0,0.0,0.0,0.0,0.0,0.0,0.0,lpc
1755487298,1755487300,0.0,0.0,0.0,0.0,0.0,0.0,0.0,0.0,0.0,0.0,lpc
1755487299,1755487301,0.0,0.0,0.0,0.0,0.0,0.0,0.0,0.0,0.0,0.0,lpc
1755487300,1755487302,0.0,0.0,0.0,0.0,0.0,0.0,0.0,0.0,0.0,0.0,lpc
1755487301,1755487303,0.0,0.0,0.0,0.0,0.0,0.0,0.0,0.0,0.0,0.0,lpc
1755487302,1755487304,0.0,0.0,0.0,0.0,0.0,0.0,0.0,0.0,0.0,0.0,lpc
1755487303,1755487305,0.0,0.0,0.0,0.0,0.0,0.0,0.0,0.0,0.0,0.0,lpc
1755487304,1755487306,0.0,0.0,0.0,0.0,0.0,0.0,0.0,0.0,0.0,0.0,lpc
1755487305,1755487307,0.0,0.0,0.0,0.0,0.0,0.0,0.0,0.0,0.0,0.0,lpc
1755487306,1755487308,0.0,0.0,0.0,0.0,0.0,0.0,0.0,0.0,0.0,0.0,lpc
1755487307,1755487309,0.0,0.0,0.0,0.0,0.0,0.0,0.0,0.0,0.0,0.0,lpc
1755487308,1755487310,0.0,0.0,0.0,0.0,0.0,0.0,0.0,0.0,0.0,0.0,lpc
1755487309,1755487311,0.0,0.0,0.0,0.0,0.0,0.0,0.0,0.0,0.0,0.0,lpc
1755487310,1755487312,0.0,0.0,0.0,0.0,0.0,0.0,0.0,0.0,0.0,0.0,lpc
1755487311,1755487313,0.0,0.0,0.0,0.0,0.0,0.0,0.0,0.0,0.0,0.0,lpc
1755487312,1755487314,0.0,0.0,0.0,0.0,0.0,0.0,0.0,0.0,0.0,0.0,lpc
1755487313,1755487315,0.0,0.0,0.0,0.0,0.0,0.0,0.0,0.0,0.0,0.0,lpc
1755487314,1755487316,0.0,0.0,0.0,0.0,0.0,0.0,0.0,0.0,0.0,0.0,lpc
1755487315,1755487317,0.0,0.0,0.0,0.0,0.0,0.0,0.0,0.0,0.0,0.0,lpc
1755487316,1755487318,0.0,0.0,0.0,0.0,0.0,0.0,0.0,0.0,0.0,0.0,lpc
1755487317,1755487319,0.0,0.0,0.0,0.0,0.0,0.0,0.0,0.0,0.0,0.0,lpc
1755487318,1755487320,0.0,0.0,0.0,0.0,0.0,0.0,0.0,0.0,0.0,0.0,lpc
1755487319,1755487321,0.0,0.0,0.0,0.0,0.0,0.0,0.0,0.0,0.0,0.0,lpc
1755487320,1755487322,0.0,0.0,0.0,0.0,0.0,0.0,0.0,0.0,0.0,0.0,lpc
1755487321,1755487323,0.0,0.0,0.0,0.0,0.0,0.0,0.0,0.0,0.0,0.0,lpc
1755487322,1755487324,0.0,0.0,0.0,0.0,0.0,0.0,0.0,0.0,0.0,0.0,lpc
1755487323,1755487325,0.0,0.0,0.0,0.0,0.0,0.0,0.0,0.0,0.0,0.0,lpc
1755487324,1755487326,0.0,0.0,0.0,0.0,0.0,0.0,0.0,0.0,0.0,0.0,lpc
1755487325,1755487327,0.0,0.0,0.0,0.0,0.0,0.0,0.0,0.0,0.0,0.0,lpc
1755487326,1755487328,0.0,0.0,0.0,0.0,0.0,0.0,0.0,0.0,0.0,0.0,lpc
1755487327,1755487329,0.0,0.0,0.0,0.0,0.0,0.0,0.0,0.0,0.0,0.0,lpc
1755487328,1755487330,0.0,0.0,0.0,0.0,0.0,0.0,0.0,0.0,0.0,0.0,lpc
1755487329,1755487331,0.0,0.0,0.0,0.0,0.0,0.0,0.0,0.0,0.0,0.0,lpc
1755487330,1755487332,0.0,0.0,0.0,0.0,0.0,0.0,0.0,0.0,0.0,0.0,lpc
1755487331,1755487333,0.0,0.0,0.0,0.0,0.0,0.0,0.0,0.0,0.0,0.0,lpc
1755487332,1755487334,0.0,0.0,0.0,0.0,0.0,0.0,0.0,0.0,0.0,0.0,lpc
1755487333,1755487335,0.0,0.0,0.0,0.0,0.0,0.0,0.0,0.0,0.0,0.0,lpc
1755487334,1755487336,0.0,0.0,0.0,0.0,0.0,0.0,0.0,0.0,0.0,0.0,lpc
1755487335,1755487337,0.0,0.0,0.0,0.0,0.0,0.0,0.0,0.0,0.0,0.0,lpc
1755487336,1755487338,0.0,0.0,0.0,0.0,0.0,0.0,0.0,0.0,0.0,0.0,lpc
1755487337,1755487339,0.0,0.0,0.0,0.0,0.0,0.0,0.0,0.0,0.0,0.0,lpc
1755487338,1755487340,0.0,0.0,0.0,0.0,0.0,0.0,0.0,0.0,0.0,0.0,lpc
1755487339,1755487341,0.0,0.0,0.0,0.0,0.0,0.0,0.0,0.0,0.0,0.0,lpc
1755487340,1755487342,0.0,0.0,0.0,0.0,0.0,0.0,0.0,0.0,0.0,0.0,lpc
1755487341,1755487343,0.0,0.0,0.0,0.0,0.0,0.0,0.0,0.0,0.0,0.0,lpc
1755487342,1755487344,0.0,0.0,0.0,0.0,0.0,0.0,0.0,0.0,0.0,0.0,lpc
1755487343,1755487345,0.0,0.0,0.0,0.0,0.0,0.0,0.0,0.0,0.0,0.0,lpc
1755487344,1755487346,0.0,0.0,0.0,0.0,0.0,0.0,0.0,0.0,0.0,0.0,lpc
1755487345,1755487347,0.0,0.0,0.0,0.0,0.0,0.0,0.0,0.0,0.0,0.0,lpc
1755487346,1755487348,0.0,0.0,0.0,0.0,0.0,0.0,0.0,0.0,0.0,0.0,lpc
1755487347,1755487349,0.0,0.0,0.0,0.0,0.0,0.0,0.0,0.0,0.0,0.0,lpc
1755487348,1755487350,0.0,0.0,0.0,0.0,0.0,0.0,0.0,0.0,0.0,0.0,lpc
1755487349,1755487351,0.0,0.0,0.0,0.0,0.0,0.0,0.0,0.0,0.0,0.0,lpc
1755487350,1755487352,0.0,0.0,0.0,0.0,0.0,0.0,0.0,0.0,0.0,0.0,lpc
1755487351,1755487353,0.0,0.0,0.0,0.0,0.0,0.0,0.0,0.0,0.0,0.0,lpc
1755487352,1755487354,0.0,0.0,0.0,0.0,0.0,0.0,0.0,0.0,0.0,0.0,lpc
1755487353,1755487355,0.0,0.0,0.0,0.0,0.0,0.0,0.0,0.0,0.0,0.0,lpc
1755487354,1755487356,0.0,0.0,0.0,0.0,0.0,0.0,0.0,0.0,0.0,0.0,lpc
1755487355,1755487357,0.0,0.0,0.0,0.0,0.0,0.0,0.0,0.0,0.0,0.0,lpc
1755487356,1755487358,0.0,0.0,0.0,0.0,0.0,0.0,0.0,0.0,0.0,0.0,lpc
1755487357,1755487359,0.0,0.0,0.0,0.0,0.0,0.0,0.0,0.0,0.0,0.0,lpc
1755487358,1755487360,0.0,0.0,0.0,0.0,0.0,0.0,0.0,0.0,0.0,0.0,lpc
1755487359,1755487361,0.0,0.0,0.0,0.0,0.0,0.0,0.0,0.0,0.0,0.0,lpc
1755487360,1755487362,0.0,0.0,0.0,0.0,0.0,0.0,0.0,0.0,0.0,0.0,lpc
1755487361,1755487363,0.0,0.0,0.0,0.0,0.0,0.0,0.0,0.0,0.0,0.0,lpc
1755487362,1755487364,0.0,0.0,0.0,0.0,0.0,0.0,0.0,0.0,0.0,0.0,lpc
1755487363,1755487365,0.0,0.0,0.0,0.0,0.0,0.0,0.0,0.0,0.0,0.0,lpc
1755487364,1755487366,0.0,0.0,0.0,0.0,0.0,0.0,0.0,0.0,0.0,0.0,lpc
1755487365,1755487367,0.0,0.0,0.0,0.0,0.0,0.0,0.0,0.0,0.0,0.0,lpc
1755487366,1755487368,0.0,0.0,0.0,0.0,0.0,0.0,0.0,0.0,0.0,0.0,lpc
1755487367,1755487369,0.0,0.0,0.0,0.0,0.0,0.0,0.0,0.0,0.0,0.0,lpc
1755487368,1755487370,0.0,0.0,0.0,0.0,0.0,0.0,0.0,0.0,0.0,0.0,lpc
1755487369,1755487371,0.0,0.0,0.0,0.0,0.0,0.0,0.0,0.0,0.0,0.0,lpc
1755487370,1755487372,0.0,0.0,0.0,0.0,0.0,0.0,0.0,0.0,0.0,0.0,lpc
1755487371,1755487373,0.0,0.0,0.0,0.0,0.0,0.0,0.0,0.0,0.0,0.0,lpc
1755487372,1755487374,0.0,0.0,0.0,0.0,0.0,0.0,0.0,0.0,0.0,0.0,lpc
1755487373,1755487375,0.0,0.0,0.0,0.0,0.0,0.0,0.0,0.0,0.0,0.0,lpc
1755487374,1755487376,0.0,0.0,0.0,0.0,0.0,0.0,0.0,0.0,0.0,0.0,lpc
1755487375,1755487377,0.0,0.0,0.0,0.0,0.0,0.0,0.0,0.0,0.0,0.0,lpc
1755487376,1755487378,0.0,0.0,0.0,0.0,0.0,0.0,0.0,0.0,0.0,0.0,lpc
1755487377,1755487379,0.0,0.0,0.0,0.0,0.0,0.0,0.0,0.0,0.0,0.0,lpc
1755487378,1755487380,0.0,0.0,0.0,0.0,0.0,0.0,0.0,0.0,0.0,0.0,lpc
1755487379,1755487381,0.0,0.0,0.0,0.0,0.0,0.0,0.0,0.0,0.0,0.0,lpc
1755487380,1755487382,0.0,0.0,0.0,0.0,0.0,0.0,0.0,0.0,0.0,0.0,lpc
1755487381,1755487383,0.0,0.0,0.0,0.0,0.0,0.0,0.0,0.0,0.0,0.0,lpc
1755487382,1755487384,0.0,0.0,0.0,0.0,0.0,0.0,0.0,0.0,0.0,0.0,lpc
1755487383,1755487385,0.0,0.0,0.0,0.0,0.0,0.0,0.0,0.0,0.0,0.0,lpc
1755487384,1755487386,0.0,0.0,0.0,0.0,0.0,0.0,0.0,0.0,0.0,0.0,lpc
1755487385,1755487387,0.0,0.0,0.0,0.0,0.0,0.0,0.0,0.0,0.0,0.0,lpc
1755487386,1755487388,0.0,0.0,0.0,0.0,0.0,0.0,0.0,0.0,0.0,0.0,lpc
1755487387,1755487389,0.0,0.0,0.0,0.0,0.0,0.0,0.0,0.0,0.0,0.0,lpc
1755487388,1755487390,0.0,0.0,0.0,0.0,0.0,0.0,0.0,0.0,0.0,0.0,lpc
1755487389,1755487391,0.0,0.0,0.0,0.0,0.0,0.0,0.0,0.0,0.0,0.0,lpc
1755487390,1755487392,0.0,0.0,0.0,0.0,0.0,0.0,0.0,0.0,0.0,0.0,lpc
1755487391,1755487393,0.0,0.0,0.0,0.0,0.0,0.0,0.0,0.0,0.0,0.0,lpc
1755487392,1755487394,0.0,0.0,0.0,0.0,0.0,0.0,0.0,0.0,0.0,0.0,lpc
1755487393,1755487395,0.0,0.0,0.0,0.0,0.0,0.0,0.0,0.0,0.0,0.0,lpc
1755487394,1755487396,0.0,0.0,0.0,0.0,0.0,0.0,0.0,0.0,0.0,0.0,lpc
1755487395,1755487397,0.0,0.0,0.0,0.0,0.0,0.0,0.0,0.0,0.0,0.0,lpc
1755487396,1755487398,0.0,0.0,0.0,0.0,0.0,0.0,0.0,0.0,0.0,0.0,lpc
1755487397,1755487399,0.0,0.0,0.0,0.0,0.0,0.0,0.0,0.0,0.0,0.0,lpc
1755487398,1755487400,0.0,0.0,0.0,0.0,0.0,0.0,0.0,0.0,0.0,0.0,lpc
1755487399,1755487401,0.0,0.0,0.0,0.0,0.0,0.0,0.0,0.0,0.0,0.0,lpc
1755487400,1755487402,0.0,0.0,0.0,0.0,0.0,0.0,0.0,0.0,0.0,0.0,lpc
1755487401,1755487403,0.0,0.0,0.0,0.0,0.0,0.0,0.0,0.0,0.0,0.0,lpc
1755487402,1755487404,0.0,0.0,0.0,0.0,0.0,0.0,0.0,0.0,0.0,0.0,lpc
1755487403,1755487405,0.0,0.0,0.0,0.0,0.0,0.0,0.0,0.0,0.0,0.0,lpc
1755487404,1755487406,0.0,0.0,0.0,0.0,0.0,0.0,0.0,0.0,0.0,0.0,lpc
1755487405,1755487407,0.0,0.0,0.0,0.0,0.0,0.0,0.0,0.0,0.0,0.0,lpc
1755487406,1755487408,0.0,0.0,0.0,0.0,0.0,0.0,0.0,0.0,0.0,0.0,lpc
1755487407,1755487409,0.0,0.0,0.0,0.0,0.0,0.0,0.0,0.0,0.0,0.0,lpc
1755487408,1755487410,0.0,0.0,0.0,0.0,0.0,0.0,0.0,0.0,0.0,0.0,lpc
1755487409,1755487411,0.0,0.0,0.0,0.0,0.0,0.0,0.0,0.0,0.0,0.0,lpc
1755487410,1755487412,0.0,0.0,0.0,0.0,0.0,0.0,0.0,0.0,0.0,0.0,lpc
1755487411,1755487413,0.0,0.0,0.0,0.0,0.0,0.0,0.0,0.0,0.0,0.0,lpc
1755487412,1755487414,0.0,0.0,0.0,0.0,0.0,0.0,0.0,0.0,0.0,0.0,lpc
1755487413,1755487415,0.0,0.0,0.0,0.0,0.0,0.0,0.0,0.0,0.0,0.0,lpc
1755487414,1755487416,0.0,0.0,0.0,0.0,0.0,0.0,0.0,0.0,0.0,0.0,lpc
1755487415,1755487417,0.0,0.0,0.0,0.0,0.0,0.0,0.0,0.0,0.0,0.0,lpc
1755487416,1755487418,0.0,0.0,0.0,0.0,0.0,0.0,0.0,0.0,0.0,0.0,lpc
1755487417,1755487419,0.0,0.0,0.0,0.0,0.0,0.0,0.0,0.0,0.0,0.0,lpc
1755487418,1755487420,0.0,0.0,0.0,0.0,0.0,0.0,0.0,0.0,0.0,0.0,lpc
1755487419,1755487421,0.0,0.0,0.0,0.0,0.0,0.0,0.0,0.0,0.0,0.0,lpc
1755487420,1755487422,0.0,0.0,0.0,0.0,0.0,0.0,0.0,0.0,0.0,0.0,lpc
1755487421,1755487423,0.0,0.0,0.0,0.0,0.0,0.0,0.0,0.0,0.0,0.0,lpc
1755487422,1755487424,0.0,0.0,0.0,0.0,0.0,0.0,0.0,0.0,0.0,0.0,lpc
1755487423,1755487425,0.0,0.0,0.0,0.0,0.0,0.0,0.0,0.0,0.0,0.0,lpc
1755487424,1755487426,0.0,0.0,0.0,0.0,0.0,0.0,0.0,0.0,0.0,0.0,lpc
1755487425,1755487427,0.0,0.0,0.0,0.0,0.0,0.0,0.0,0.0,0.0,0.0,lpc
1755487426,1755487428,0.0,0.0,0.0,0.0,0.0,0.0,0.0,0.0,0.0,0.0,lpc
1755487427,1755487429,0.0,0.0,0.0,0.0,0.0,0.0,0.0,0.0,0.0,0.0,lpc
1755487428,1755487430,0.0,0.0,0.0,0.0,0.0,0.0,0.0,0.0,0.0,0.0,lpc
1755487429,1755487431,0.0,0.0,0.0,0.0,0.0,0.0,0.0,0.0,0.0,0.0,lpc
1755487430,1755487432,0.0,0.0,0.0,0.0,0.0,0.0,0.0,0.0,0.0,0.0,lpc
1755487431,1755487433,0.0,0.0,0.0,0.0,0.0,0.0,0.0,0.0,0.0,0.0,lpc
1755487432,1755487434,0.0,0.0,0.0,0.0,0.0,0.0,0.0,0.0,0.0,0.0,lpc
1755487433,1755487435,0.0,0.0,0.0,0.0,0.0,0.0,0.0,0.0,0.0,0.0,lpc
1755487434,1755487436,0.0,0.0,0.0,0.0,0.0,0.0,0.0,0.0,0.0,0.0,lpc
1755487435,1755487437,0.0,0.0,0.0,0.0,0.0,0.0,0.0,0.0,0.0,0.0,lpc
1755487436,1755487438,0.0,0.0,0.0,0.0,0.0,0.0,0.0,0.0,0.0,0.0,lpc
1755487437,1755487439,0.0,0.0,0.0,0.0,0.0,0.0,0.0,0.0,0.0,0.0,lpc
1755487438,1755487440,0.0,0.0,0.0,0.0,0.0,0.0,0.0,0.0,0.0,0.0,lpc
1755487439,1755487441,0.0,0.0,0.0,0.0,0.0,0.0,0.0,0.0,0.0,0.0,lpc
1755487440,1755487442,0.0,0.0,0.0,0.0,0.0,0.0,0.0,0.0,0.0,0.0,lpc
1755487441,1755487443,0.0,0.0,0.0,0.0,0.0,0.0,0.0,0.0,0.0,0.0,lpc
1755487442,1755487444,0.0,0.0,0.0,0.0,0.0,0.0,0.0,0.0,0.0,0.0,lpc
1755487443,1755487445,0.0,0.0,0.0,0.0,0.0,0.0,0.0,0.0,0.0,0.0,lpc
1755487444,1755487446,0.0,0.0,0.0,0.0,0.0,0.0,0.0,0.0,0.0,0.0,lpc
1755487445,1755487447,0.0,0.0,0.0,0.0,0.0,0.0,0.0,0.0,0.0,0.0,lpc
1755487446,1755487448,0.0,0.0,0.0,0.0,0.0,0.0,0.0,0.0,0.0,0.0,lpc
1755487447,1755487449,0.0,0.0,0.0,0.0,0.0,0.0,0.0,0.0,0.0,0.0,lpc
1755487448,1755487450,0.0,0.0,0.0,0.0,0.0,0.0,0.0,0.0,0.0,0.0,lpc
1755487449,1755487451,0.0,0.0,0.0,0.0,0.0,0.0,0.0,0.0,0.0,0.0,lpc
1755487450,1755487452,0.0,0.0,0.0,0.0,0.0,0.0,0.0,0.0,0.0,0.0,lpc
1755487451,1755487453,0.0,0.0,0.0,0.0,0.0,0.0,0.0,0.0,0.0,0.0,lpc
1755487452,1755487454,0.0,0.0,0.0,0.0,0.0,0.0,0.0,0.0,0.0,0.0,lpc
1755487453,1755487455,0.0,0.0,0.0,0.0,0.0,0.0,0.0,0.0,0.0,0.0,lpc
1755487454,1755487456,0.0,0.0,0.0,0.0,0.0,0.0,0.0,0.0,0.0,0.0,lpc
1755487455,1755487457,0.0,0.0,0.0,0.0,0.0,0.0,0.0,0.0,0.0,0.0,lpc
1755487456,1755487458,0.0,0.0,0.0,0.0,0.0,0.0,0.0,0.0,0.0,0.0,lpc
1755487457,1755487459,0.0,0.0,0.0,0.0,0.0,0.0,0.0,0.0,0.0,0.0,lpc
1755487458,1755487460,0.0,0.0,0.0,0.0,0.0,0.0,0.0,0.0,0.0,0.0,lpc
1755487459,1755487461,0.0,0.0,0.0,0.0,0.0,0.0,0.0,0.0,0.0,0.0,lpc
1755487460,1755487462,0.0,0.0,0.0,0.0,0.0,0.0,0.0,0.0,0.0,0.0,lpc
1755487461,1755487463,0.0,0.0,0.0,0.0,0.0,0.0,0.0,0.0,0.0,0.0,lpc
1755487462,1755487464,0.0,0.0,0.0,0.0,0.0,0.0,0.0,0.0,0.0,0.0,lpc
1755487463,1755487465,0.0,0.0,0.0,0.0,0.0,0.0,0.0,0.0,0.0,0.0,lpc
1755487464,1755487466,0.0,0.0,0.0,0.0,0.0,0.0,0.0,0.0,0.0,0.0,lpc
1755487465,1755487467,0.0,0.0,0.0,0.0,0.0,0.0,0.0,0.0,0.0,0.0,lpc
1755487466,1755487468,0.0,0.0,0.0,0.0,0.0,0.0,0.0,0.0,0.0,0.0,lpc
1755487467,1755487469,0.0,0.0,0.0,0.0,0.0,0.0,0.0,0.0,0.0,0.0,lpc
1755487468,1755487470,0.0,0.0,0.0,0.0,0.0,0.0,0.0,0.0,0.0,0.0,lpc
1755487469,1755487471,0.0,0.0,0.0,0.0,0.0,0.0,0.0,0.0,0.0,0.0,lpc
1755487470,1755487472,0.0,0.0,0.0,0.0,0.0,0.0,0.0,0.0,0.0,0.0,lpc
1755487471,1755487473,0.0,0.0,0.0,0.0,0.0,0.0,0.0,0.0,0.0,0.0,lpc
1755487472,1755487474,0.0,0.0,0.0,0.0,0.0,0.0,0.0,0.0,0.0,0.0,lpc
1755487473,1755487475,0.0,0.0,0.0,0.0,0.0,0.0,0.0,0.0,0.0,0.0,lpc
1755487474,1755487476,0.0,0.0,0.0,0.0,0.0,0.0,0.0,0.0,0.0,0.0,lpc
1755487475,1755487477,0.0,0.0,0.0,0.0,0.0,0.0,0.0,0.0,0.0,0.0,lpc
1755487476,1755487478,0.0,0.0,0.0,0.0,0.0,0.0,0.0,0.0,0.0,0.0,lpc
1755487477,1755487479,0.0,0.0,0.0,0.0,0.0,0.0,0.0,0.0,0.0,0.0,lpc
1755487478,1755487480,0.0,0.0,0.0,0.0,0.0,0.0,0.0,0.0,0.0,0.0,lpc
1755487479,1755487481,0.0,0.0,0.0,0.0,0.0,0.0,0.0,0.0,0.0,0.0,lpc
1755487480,1755487482,0.0,0.0,0.0,0.0,0.0,0.0,0.0,0.0,0.0,0.0,lpc
1755487481,1755487483,0.0,0.0,0.0,0.0,0.0,0.0,0.0,0.0,0.0,0.0,lpc
1755487482,1755487484,0.0,0.0,0.0,0.0,0.0,0.0,0.0,0.0,0.0,0.0,lpc
1755487483,1755487485,0.0,0.0,0.0,0.0,0.0,0.0,0.0,0.0,0.0,0.0,lpc
1755487484,1755487486,0.0,0.0,0.0,0.0,0.0,0.0,0.0,0.0,0.0,0.0,lpc
1755487485,1755487487,0.0,0.0,0.0,0.0,0.0,0.0,0.0,0.0,0.0,0.0,lpc
1755487486,1755487488,0.0,0.0,0.0,0.0,0.0,0.0,0.0,0.0,0.0,0.0,lpc
1755487487,1755487489,0.0,0.0,0.0,0.0,0.0,0.0,0.0,0.0,0.0,0.0,lpc
1755487488,1755487490,0.0,0.0,0.0,0.0,0.0,0.0,0.0,0.0,0.0,0.0,lpc
1755487489,1755487491,0.0,0.0,0.0,0.0,0.0,0.0,0.0,0.0,0.0,0.0,lpc
1755487490,1755487492,0.0,0.0,0.0,0.0,0.0,0.0,0.0,0.0,0.0,0.0,lpc
1755487491,1755487493,0.0,0.0,0.0,0.0,0.0,0.0,0.0,0.0,0.0,0.0,lpc
1755487492,1755487494,0.0,0.0,0.0,0.0,0.0,0.0,0.0,0.0,0.0,0.0,lpc
1755487493,1755487495,0.0,0.0,0.0,0.0,0.0,0.0,0.0,0.0,0.0,0.0,lpc
1755487494,1755487496,0.0,0.0,0.0,0.0,0.0,0.0,0.0,0.0,0.0,0.0,lpc
1755487495,1755487497,0.0,0.0,0.0,0.0,0.0,0.0,0.0,0.0,0.0,0.0,lpc
1755487496,1755487498,0.0,0.0,0.0,0.0,0.0,0.0,0.0,0.0,0.0,0.0,lpc
1755487497,1755487499,0.0,0.0,0.0,0.0,0.0,0.0,0.0,0.0,0.0,0.0,lpc
1755487498,1755487500,0.0,0.0,0.0,0.0,0.0,0.0,0.0,0.0,0.0,0.0,lpc
1755487499,1755487501,0.0,0.0,0.0,0.0,0.0,0.0,0.0,0.0,0.0,0.0,lpc
1755487500,1755487502,0.0,0.0,0.0,0.0,0.0,0.0,0.0,0.0,0.0,0.0,lpc
1755487501,1755487503,0.0,0.0,0.0,0.0,0.0,0.0,0.0,0.0,0.0,0.0,lpc
1755487502,1755487504,0.0,0.0,0.0,0.0,0.0,0.0,0.0,0.0,0.0,0.0,lpc
1755487503,1755487505,0.0,0.0,0.0,0.0,0.0,0.0,0.0,0.0,0.0,0.0,lpc
1755487504,1755487506,0.0,0.0,0.0,0.0,0.0,0.0,0.0,0.0,0.0,0.0,lpc
1755487505,1755487507,0.0,0.0,0.0,0.0,0.0,0.0,0.0,0.0,0.0,0.0,lpc
1755487506,1755487508,0.0,0.0,0.0,0.0,0.0,0.0,0.0,0.0,0.0,0.0,lpc
1755487507,1755487509,0.0,0.0,0.0,0.0,0.0,0.0,0.0,0.0,0.0,0.0,lpc
1755487508,1755487510,0.0,0.0,0.0,0.0,0.0,0.0,0.0,0.0,0.0,0.0,lpc
1755487509,1755487511,0.0,0.0,0.0,0.0,0.0,0.0,0.0,0.0,0.0,0.0,lpc
1755487510,1755487512,0.0,0.0,0.0,0.0,0.0,0.0,0.0,0.0,0.0,0.0,lpc
1755487511,1755487513,0.0,0.0,0.0,0.0,0.0,0.0,0.0,0.0,0.0,0.0,lpc
1755487512,1755487514,0.0,0.0,0.0,0.0,0.0,0.0,0.0,0.0,0.0,0.0,lpc
1755487513,1755487515,0.0,0.0,0.0,0.0,0.0,0.0,0.0,0.0,0.0,0.0,lpc
1755487514,1755487516,0.0,0.0,0.0,0.0,0.0,0.0,0.0,0.0,0.0,0.0,lpc
1755487515,1755487517,0.0,0.0,0.0,0.0,0.0,0.0,0.0,0.0,0.0,0.0,lpc
1755487516,1755487518,0.0,0.0,0.0,0.0,0.0,0.0,0.0,0.0,0.0,0.0,lpc
1755487517,1755487519,0.0,0.0,0.0,0.0,0.0,0.0,0.0,0.0,0.0,0.0,lpc
1755487518,1755487520,0.0,0.0,0.0,0.0,0.0,0.0,0.0,0.0,0.0,0.0,lpc
1755487519,1755487521,0.0,0.0,0.0,0.0,0.0,0.0,0.0,0.0,0.0,0.0,lpc
1755487520,1755487522,0.0,0.0,0.0,0.0,0.0,0.0,0.0,0.0,0.0,0.0,lpc
1755487521,1755487523,0.0,0.0,0.0,0.0,0.0,0.0,0.0,0.0,0.0,0.0,lpc
1755487522,1755487524,0.0,0.0,0.0,0.0,0.0,0.0,0.0,0.0,0.0,0.0,lpc
1755487523,1755487525,0.0,0.0,0.0,0.0,0.0,0.0,0.0,0.0,0.0,0.0,lpc
1755487524,1755487526,0.0,0.0,0.0,0.0,0.0,0.0,0.0,0.0,0.0,0.0,lpc
1755487525,1755487527,0.0,0.0,0.0,0.0,0.0,0.0,0.0,0.0,0.0,0.0,lpc
1755487526,1755487528,0.0,0.0,0.0,0.0,0.0,0.0,0.0,0.0,0.0,0.0,lpc
1755487527,1755487529,0.0,0.0,0.0,0.0,0.0,0.0,0.0,0.0,0.0,0.0,lpc
1755487528,1755487530,0.0,0.0,0.0,0.0,0.0,0.0,0.0,0.0,0.0,0.0,lpc
1755487529,1755487531,0.0,0.0,0.0,0.0,0.0,0.0,0.0,0.0,0.0,0.0,lpc
1755487530,1755487532,0.0,0.0,0.0,0.0,0.0,0.0,0.0,0.0,0.0,0.0,lpc
1755487531,1755487533,0.0,0.0,0.0,0.0,0.0,0.0,0.0,0.0,0.0,0.0,lpc
1755487532,1755487534,0.0,0.0,0.0,0.0,0.0,0.0,0.0,0.0,0.0,0.0,lpc
1755487533,1755487535,0.0,0.0,0.0,0.0,0.0,0.0,0.0,0.0,0.0,0.0,lpc
1755487534,1755487536,0.0,0.0,0.0,0.0,0.0,0.0,0.0,0.0,0.0,0.0,lpc
1755487535,1755487537,0.0,0.0,0.0,0.0,0.0,0.0,0.0,0.0,0.0,0.0,lpc
1755487536,1755487538,0.0,0.0,0.0,0.0,0.0,0.0,0.0,0.0,0.0,0.0,lpc
1755487537,1755487539,0.0,0.0,0.0,0.0,0.0,0.0,0.0,0.0,0.0,0.0,lpc
1755487538,1755487540,0.0,0.0,0.0,0.0,0.0,0.0,0.0,0.0,0.0,0.0,lpc
1755487539,1755487541,0.0,0.0,0.0,0.0,0.0,0.0,0.0,0.0,0.0,0.0,lpc
1755487540,1755487542,0.0,0.0,0.0,0.0,0.0,0.0,0.0,0.0,0.0,0.0,lpc
1755487541,1755487543,0.0,0.0,0.0,0.0,0.0,0.0,0.0,0.0,0.0,0.0,lpc
1755487542,1755487544,0.0,0.0,0.0,0.0,0.0,0.0,0.0,0.0,0.0,0.0,lpc
1755487543,1755487545,0.0,0.0,0.0,0.0,0.0,0.0,0.0,0.0,0.0,0.0,lpc
1755487544,1755487546,0.0,0.0,0.0,0.0,0.0,0.0,0.0,0.0,0.0,0.0,lpc
1755487545,1755487547,0.0,0.0,0.0,0.0,0.0,0.0,0.0,0.0,0.0,0.0,lpc
1755487546,1755487548,0.0,0.0,0.0,0.0,0.0,0.0,0.0,0.0,0.0,0.0,lpc
1755487547,1755487549,0.0,0.0,0.0,0.0,0.0,0.0,0.0,0.0,0.0,0.0,lpc
1755487548,1755487550,0.0,0.0,0.0,0.0,0.0,0.0,0.0,0.0,0.0,0.0,lpc
1755487549,1755487551,0.0,0.0,0.0,0.0,0.0,0.0,0.0,0.0,0.0,0.0,lpc
1755487550,1755487552,0.0,0.0,0.0,0.0,0.0,0.0,0.0,0.0,0.0,0.0,lpc
1755487551,1755487553,0.0,0.0,0.0,0.0,0.0,0.0,0.0,0.0,0.0,0.0,lpc
1755487552,1755487554,0.0,0.0,0.0,0.0,0.0,0.0,0.0,0.0,0.0,0.0,lpc
1755487553,1755487555,0.0,0.0,0.0,0.0,0.0,0.0,0.0,0.0,0.0,0.0,lpc
1755487554,1755487556,0.0,0.0,0.0,0.0,0.0,0.0,0.0,0.0,0.0,0.0,lpc
1755487555,1755487557,0.0,0.0,0.0,0.0,0.0,0.0,0.0,0.0,0.0,0.0,lpc
1755487556,1755487558,0.0,0.0,0.0,0.0,0.0,0.0,0.0,0.0,0.0,0.0,lpc
1755487557,1755487559,0.0,0.0,0.0,0.0,0.0,0.0,0.0,0.0,0.0,0.0,lpc
1755487558,1755487560,0.0,0.0,0.0,0.0,0.0,0.0,0.0,0.0,0.0,0.0,lpc
1755487559,1755487561,0.0,0.0,0.0,0.0,0.0,0.0,0.0,0.0,0.0,0.0,lpc
1755487560,1755487562,0.0,0.0,0.0,0.0,0.0,0.0,0.0,0.0,0.0,0.0,lpc
1755487561,1755487563,0.0,0.0,0.0,0.0,0.0,0.0,0.0,0.0,0.0,0.0,lpc
1755487562,1755487564,0.0,0.0,0.0,0.0,0.0,0.0,0.0,0.0,0.0,0.0,lpc
1755487563,1755487565,0.0,0.0,0.0,0.0,0.0,0.0,0.0,0.0,0.0,0.0,lpc
1755487564,1755487566,0.0,0.0,0.0,0.0,0.0,0.0,0.0,0.0,0.0,0.0,lpc
1755487565,1755487567,0.0,0.0,0.0,0.0,0.0,0.0,0.0,0.0,0.0,0.0,lpc
1755487566,1755487568,0.0,0.0,0.0,0.0,0.0,0.0,0.0,0.0,0.0,0.0,lpc
1755487567,1755487569,0.0,0.0,0.0,0.0,0.0,0.0,0.0,0.0,0.0,0.0,lpc
1755487568,1755487570,0.0,0.0,0.0,0.0,0.0,0.0,0.0,0.0,0.0,0.0,lpc
1755487569,1755487571,0.0,0.0,0.0,0.0,0.0,0.0,0.0,0.0,0.0,0.0,lpc
1755487570,1755487572,0.0,0.0,0.0,0.0,0.0,0.0,0.0,0.0,0.0,0.0,lpc
1755487571,1755487573,0.0,0.0,0.0,0.0,0.0,0.0,0.0,0.0,0.0,0.0,lpc
1755487572,1755487574,0.0,0.0,0.0,0.0,0.0,0.0,0.0,0.0,0.0,0.0,lpc
1755487573,1755487575,0.0,0.0,0.0,0.0,0.0,0.0,0.0,0.0,0.0,0.0,lpc
1755487574,1755487576,0.0,0.0,0.0,0.0,0.0,0.0,0.0,0.0,0.0,0.0,lpc
1755487575,1755487577,0.0,0.0,0.0,0.0,0.0,0.0,0.0,0.0,0.0,0.0,lpc
1755487576,1755487578,0.0,0.0,0.0,0.0,0.0,0.0,0.0,0.0,0.0,0.0,lpc
1755487577,1755487579,0.0,0.0,0.0,0.0,0.0,0.0,0.0,0.0,0.0,0.0,lpc
1755487578,1755487580,0.0,0.0,0.0,0.0,0.0,0.0,0.0,0.0,0.0,0.0,lpc
1755487579,1755487581,0.0,0.0,0.0,0.0,0.0,0.0,0.0,0.0,0.0,0.0,lpc
1755487580,1755487582,0.0,0.0,0.0,0.0,0.0,0.0,0.0,0.0,0.0,0.0,lpc
1755487581,1755487583,0.0,0.0,0.0,0.0,0.0,0.0,0.0,0.0,0.0,0.0,lpc
1755487582,1755487584,0.0,0.0,0.0,0.0,0.0,0.0,0.0,0.0,0.0,0.0,lpc
1755487583,1755487585,0.0,0.0,0.0,0.0,0.0,0.0,0.0,0.0,0.0,0.0,lpc
1755487584,1755487586,0.0,0.0,0.0,0.0,0.0,0.0,0.0,0.0,0.0,0.0,lpc
1755487585,1755487587,0.0,0.0,0.0,0.0,0.0,0.0,0.0,0.0,0.0,0.0,lpc
1755487586,1755487588,0.0,0.0,0.0,0.0,0.0,0.0,0.0,0.0,0.0,0.0,lpc
1755487587,1755487589,0.0,0.0,0.0,0.0,0.0,0.0,0.0,0.0,0.0,0.0,lpc
1755487588,1755487590,0.0,0.0,0.0,0.0,0.0,0.0,0.0,0.0,0.0,0.0,lpc
1755487589,1755487591,0.0,0.0,0.0,0.0,0.0,0.0,0.0,0.0,0.0,0.0,lpc
1755487590,1755487592,0.0,0.0,0.0,0.0,0.0,0.0,0.0,0.0,0.0,0.0,lpc
1755487591,1755487593,0.0,0.0,0.0,0.0,0.0,0.0,0.0,0.0,0.0,0.0,lpc
1755487592,1755487594,0.0,0.0,0.0,0.0,0.0,0.0,0.0,0.0,0.0,0.0,lpc
1755487593,1755487595,0.0,0.0,0.0,0.0,0.0,0.0,0.0,0.0,0.0,0.0,lpc
1755487594,1755487596,0.0,0.0,0.0,0.0,0.0,0.0,0.0,0.0,0.0,0.0,lpc
1755487595,1755487597,0.0,0.0,0.0,0.0,0.0,0.0,0.0,0.0,0.0,0.0,lpc
1755487596,1755487598,0.0,0.0,0.0,0.0,0.0,0.0,0.0,0.0,0.0,0.0,lpc
1755487597,1755487599,0.0,0.0,0.0,0.0,0.0,0.0,0.0,0.0,0.0,0.0,lpc
1755487598,1755487600,0.0,0.0,0.0,0.0,0.0,0.0,0.0,0.0,0.0,0.0,lpc
1755487599,1755487601,0.0,0.0,0.0,0.0,0.0,0.0,0.0,0.0,0.0,0.0,lpc
1755487600,1755487602,0.0,0.0,0.0,0.0,0.0,0.0,0.0,0.0,0.0,0.0,lpc
1755487601,1755487603,0.0,0.0,0.0,0.0,0.0,0.0,0.0,0.0,0.0,0.0,lpc
1755487602,1755487604,0.0,0.0,0.0,0.0,0.0,0.0,0.0,0.0,0.0,0.0,lpc
1755487603,1755487605,0.0,0.0,0.0,0.0,0.0,0.0,0.0,0.0,0.0,0.0,lpc
1755487604,1755487606,0.0,0.0,0.0,0.0,0.0,0.0,0.0,0.0,0.0,0.0,lpc
1755487605,1755487607,0.0,0.0,0.0,0.0,0.0,0.0,0.0,0.0,0.0,0.0,lpc
1755487606,1755487608,0.0,0.0,0.0,0.0,0.0,0.0,0.0,0.0,0.0,0.0,lpc
1755487607,1755487609,0.0,0.0,0.0,0.0,0.0,0.0,0.0,0.0,0.0,0.0,lpc
1755487608,1755487610,0.0,0.0,0.0,0.0,0.0,0.0,0.0,0.0,0.0,0.0,lpc
1755487609,1755487611,0.0,0.0,0.0,0.0,0.0,0.0,0.0,0.0,0.0,0.0,lpc
1755487610,1755487612,0.0,0.0,0.0,0.0,0.0,0.0,0.0,0.0,0.0,0.0,lpc
1755487611,1755487613,0.0,0.0,0.0,0.0,0.0,0.0,0.0,0.0,0.0,0.0,lpc
1755487612,1755487614,0.0,0.0,0.0,0.0,0.0,0.0,0.0,0.0,0.0,0.0,lpc
1755487613,1755487615,0.0,0.0,0.0,0.0,0.0,0.0,0.0,0.0,0.0,0.0,lpc
1755487614,1755487616,0.0,0.0,0.0,0.0,0.0,0.0,0.0,0.0,0.0,0.0,lpc
1755487615,1755487617,0.0,0.0,0.0,0.0,0.0,0.0,0.0,0.0,0.0,0.0,lpc
1755487616,1755487618,0.0,0.0,0.0,0.0,0.0,0.0,0.0,0.0,0.0,0.0,lpc
1755487617,1755487619,0.0,0.0,0.0,0.0,0.0,0.0,0.0,0.0,0.0,0.0,lpc
1755487618,1755487620,0.0,0.0,0.0,0.0,0.0,0.0,0.0,0.0,0.0,0.0,lpc
1755487619,1755487621,0.0,0.0,0.0,0.0,0.0,0.0,0.0,0.0,0.0,0.0,lpc
1755487620,1755487622,0.0,0.0,0.0,0.0,0.0,0.0,0.0,0.0,0.0,0.0,lpc
1755487621,1755487623,0.0,0.0,0.0,0.0,0.0,0.0,0.0,0.0,0.0,0.0,lpc
1755487622,1755487624,0.0,0.0,0.0,0.0,0.0,0.0,0.0,0.0,0.0,0.0,lpc
1755487623,1755487625,0.0,0.0,0.0,0.0,0.0,0.0,0.0,0.0,0.0,0.0,lpc
1755487624,1755487626,0.0,0.0,0.0,0.0,0.0,0.0,0.0,0.0,0.0,0.0,lpc
1755487625,1755487627,0.0,0.0,0.0,0.0,0.0,0.0,0.0,0.0,0.0,0.0,lpc
1755487626,1755487628,0.0,0.0,0.0,0.0,0.0,0.0,0.0,0.0,0.0,0.0,lpc
1755487627,1755487629,0.0,0.0,0.0,0.0,0.0,0.0,0.0,0.0,0.0,0.0,lpc
1755487628,1755487630,0.0,0.0,0.0,0.0,0.0,0.0,0.0,0.0,0.0,0.0,lpc
1755487629,1755487631,0.0,0.0,0.0,0.0,0.0,0.0,0.0,0.0,0.0,0.0,lpc
1755487630,1755487632,0.0,0.0,0.0,0.0,0.0,0.0,0.0,0.0,0.0,0.0,lpc
1755487631,1755487633,0.0,0.0,0.0,0.0,0.0,0.0,0.0,0.0,0.0,0.0,lpc
1755487632,1755487634,0.0,0.0,0.0,0.0,0.0,0.0,0.0,0.0,0.0,0.0,lpc
1755487633,1755487635,0.0,0.0,0.0,0.0,0.0,0.0,0.0,0.0,0.0,0.0,lpc
1755487634,1755487636,0.0,0.0,0.0,0.0,0.0,0.0,0.0,0.0,0.0,0.0,lpc
1755487635,1755487637,0.0,0.0,0.0,0.0,0.0,0.0,0.0,0.0,0.0,0.0,lpc
1755487636,1755487638,0.0,0.0,0.0,0.0,0.0,0.0,0.0,0.0,0.0,0.0,lpc
1755487637,1755487639,0.0,0.0,0.0,0.0,0.0,0.0,0.0,0.0,0.0,0.0,lpc
1755487638,1755487640,0.0,0.0,0.0,0.0,0.0,0.0,0.0,0.0,0.0,0.0,lpc
1755487639,1755487641,0.0,0.0,0.0,0.0,0.0,0.0,0.0,0.0,0.0,0.0,lpc
1755487640,1755487642,0.0,0.0,0.0,0.0,0.0,0.0,0.0,0.0,0.0,0.0,lpc
1755487641,1755487643,0.0,0.0,0.0,0.0,0.0,0.0,0.0,0.0,0.0,0.0,lpc
1755487642,1755487644,0.0,0.0,0.0,0.0,0.0,0.0,0.0,0.0,0.0,0.0,lpc
1755487643,1755487645,0.0,0.0,0.0,0.0,0.0,0.0,0.0,0.0,0.0,0.0,lpc
1755487644,1755487646,0.0,0.0,0.0,0.0,0.0,0.0,0.0,0.0,0.0,0.0,lpc
1755487645,1755487647,0.0,0.0,0.0,0.0,0.0,0.0,0.0,0.0,0.0,0.0,lpc
1755487646,1755487648,0.0,0.0,0.0,0.0,0.0,0.0,0.0,0.0,0.0,0.0,lpc
1755487647,1755487649,0.0,0.0,0.0,0.0,0.0,0.0,0.0,0.0,0.0,0.0,lpc
1755487648,1755487650,0.0,0.0,0.0,0.0,0.0,0.0,0.0,0.0,0.0,0.0,lpc
1755487649,1755487651,0.0,0.0,0.0,0.0,0.0,0.0,0.0,0.0,0.0,0.0,lpc
1755487650,1755487652,0.0,0.0,0.0,0.0,0.0,0.0,0.0,0.0,0.0,0.0,lpc
1755487651,1755487653,0.0,0.0,0.0,0.0,0.0,0.0,0.0,0.0,0.0,0.0,lpc
1755487652,1755487654,0.0,0.0,0.0,0.0,0.0,0.0,0.0,0.0,0.0,0.0,lpc
1755487653,1755487655,0.0,0.0,0.0,0.0,0.0,0.0,0.0,0.0,0.0,0.0,lpc
1755487654,1755487656,0.0,0.0,0.0,0.0,0.0,0.0,0.0,0.0,0.0,0.0,lpc
1755487655,1755487657,0.0,0.0,0.0,0.0,0.0,0.0,0.0,0.0,0.0,0.0,lpc
1755487656,1755487658,0.0,0.0,0.0,0.0,0.0,0.0,0.0,0.0,0.0,0.0,lpc
1755487657,1755487659,0.0,0.0,0.0,0.0,0.0,0.0,0.0,0.0,0.0,0.0,lpc
1755487658,1755487660,0.0,0.0,0.0,0.0,0.0,0.0,0.0,0.0,0.0,0.0,lpc
1755487659,1755487661,0.0,0.0,0.0,0.0,0.0,0.0,0.0,0.0,0.0,0.0,lpc
1755487660,1755487662,0.0,0.0,0.0,0.0,0.0,0.0,0.0,0.0,0.0,0.0,lpc
1755487661,1755487663,0.0,0.0,0.0,0.0,0.0,0.0,0.0,0.0,0.0,0.0,lpc
1755487662,1755487664,0.0,0.0,0.0,0.0,0.0,0.0,0.0,0.0,0.0,0.0,lpc
1755487663,1755487665,0.0,0.0,0.0,0.0,0.0,0.0,0.0,0.0,0.0,0.0,lpc
1755487664,1755487666,0.0,0.0,0.0,0.0,0.0,0.0,0.0,0.0,0.0,0.0,lpc
1755487665,1755487667,0.0,0.0,0.0,0.0,0.0,0.0,0.0,0.0,0.0,0.0,lpc
1755487666,1755487668,0.0,0.0,0.0,0.0,0.0,0.0,0.0,0.0,0.0,0.0,lpc
1755487667,1755487669,0.0,0.0,0.0,0.0,0.0,0.0,0.0,0.0,0.0,0.0,lpc
1755487668,1755487670,0.0,0.0,0.0,0.0,0.0,0.0,0.0,0.0,0.0,0.0,lpc
1755487669,1755487671,0.0,0.0,0.0,0.0,0.0,0.0,0.0,0.0,0.0,0.0,lpc
1755487670,1755487672,0.0,0.0,0.0,0.0,0.0,0.0,0.0,0.0,0.0,0.0,lpc
1755487671,1755487673,0.0,0.0,0.0,0.0,0.0,0.0,0.0,0.0,0.0,0.0,lpc
1755487672,1755487674,0.0,0.0,0.0,0.0,0.0,0.0,0.0,0.0,0.0,0.0,lpc
1755487673,1755487675,0.0,0.0,0.0,0.0,0.0,0.0,0.0,0.0,0.0,0.0,lpc
1755487674,1755487676,0.0,0.0,0.0,0.0,0.0,0.0,0.0,0.0,0.0,0.0,lpc
1755487675,1755487677,0.0,0.0,0.0,0.0,0.0,0.0,0.0,0.0,0.0,0.0,lpc
1755487676,1755487678,0.0,0.0,0.0,0.0,0.0,0.0,0.0,0.0,0.0,0.0,lpc
1755487677,1755487679,0.0,0.0,0.0,0.0,0.0,0.0,0.0,0.0,0.0,0.0,lpc
1755487678,1755487680,0.0,0.0,0.0,0.0,0.0,0.0,0.0,0.0,0.0,0.0,lpc
1755487679,1755487681,0.0,0.0,0.0,0.0,0.0,0.0,0.0,0.0,0.0,0.0,lpc
1755487680,1755487682,0.0,0.0,0.0,0.0,0.0,0.0,0.0,0.0,0.0,0.0,lpc
1755487681,1755487683,0.0,0.0,0.0,0.0,0.0,0.0,0.0,0.0,0.0,0.0,lpc
1755487682,1755487684,0.0,0.0,0.0,0.0,0.0,0.0,0.0,0.0,0.0,0.0,lpc
1755487683,1755487685,0.0,0.0,0.0,0.0,0.0,0.0,0.0,0.0,0.0,0.0,lpc
1755487684,1755487686,0.0,0.0,0.0,0.0,0.0,0.0,0.0,0.0,0.0,0.0,lpc
1755487685,1755487687,0.0,0.0,0.0,0.0,0.0,0.0,0.0,0.0,0.0,0.0,lpc
1755487686,1755487688,0.0,0.0,0.0,0.0,0.0,0.0,0.0,0.0,0.0,0.0,lpc
1755487687,1755487689,0.0,0.0,0.0,0.0,0.0,0.0,0.0,0.0,0.0,0.0,lpc
1755487688,1755487690,0.0,0.0,0.0,0.0,0.0,0.0,0.0,0.0,0.0,0.0,lpc
1755487689,1755487691,0.0,0.0,0.0,0.0,0.0,0.0,0.0,0.0,0.0,0.0,lpc
1755487690,1755487692,0.0,0.0,0.0,0.0,0.0,0.0,0.0,0.0,0.0,0.0,lpc
1755487691,1755487693,0.0,0.0,0.0,0.0,0.0,0.0,0.0,0.0,0.0,0.0,lpc
1755487692,1755487694,0.0,0.0,0.0,0.0,0.0,0.0,0.0,0.0,0.0,0.0,lpc
1755487693,1755487695,0.0,0.0,0.0,0.0,0.0,0.0,0.0,0.0,0.0,0.0,lpc
1755487694,1755487696,0.0,0.0,0.0,0.0,0.0,0.0,0.0,0.0,0.0,0.0,lpc
1755487695,1755487697,0.0,0.0,0.0,0.0,0.0,0.0,0.0,0.0,0.0,0.0,lpc
1755487696,1755487698,0.0,0.0,0.0,0.0,0.0,0.0,0.0,0.0,0.0,0.0,lpc
1755487697,1755487699,0.0,0.0,0.0,0.0,0.0,0.0,0.0,0.0,0.0,0.0,lpc
1755487698,1755487700,0.0,0.0,0.0,0.0,0.0,0.0,0.0,0.0,0.0,0.0,lpc
1755487699,1755487701,0.0,0.0,0.0,0.0,0.0,0.0,0.0,0.0,0.0,0.0,lpc
1755487700,1755487702,0.0,0.0,0.0,0.0,0.0,0.0,0.0,0.0,0.0,0.0,lpc
1755487701,1755487703,0.0,0.0,0.0,0.0,0.0,0.0,0.0,0.0,0.0,0.0,lpc
1755487702,1755487704,0.0,0.0,0.0,0.0,0.0,0.0,0.0,0.0,0.0,0.0,lpc
1755487703,1755487705,0.0,0.0,0.0,0.0,0.0,0.0,0.0,0.0,0.0,0.0,lpc
1755487704,1755487706,0.0,0.0,0.0,0.0,0.0,0.0,0.0,0.0,0.0,0.0,lpc
1755487705,1755487707,0.0,0.0,0.0,0.0,0.0,0.0,0.0,0.0,0.0,0.0,lpc
1755487706,1755487708,0.0,0.0,0.0,0.0,0.0,0.0,0.0,0.0,0.0,0.0,lpc
1755487707,1755487709,0.0,0.0,0.0,0.0,0.0,0.0,0.0,0.0,0.0,0.0,lpc
1755487708,1755487710,0.0,0.0,0.0,0.0,0.0,0.0,0.0,0.0,0.0,0.0,lpc
1755487709,1755487711,0.0,0.0,0.0,0.0,0.0,0.0,0.0,0.0,0.0,0.0,lpc
1755487710,1755487712,0.0,0.0,0.0,0.0,0.0,0.0,0.0,0.0,0.0,0.0,lpc
1755487711,1755487713,0.0,0.0,0.0,0.0,0.0,0.0,0.0,0.0,0.0,0.0,lpc
1755487712,1755487714,0.0,0.0,0.0,0.0,0.0,0.0,0.0,0.0,0.0,0.0,lpc
1755487713,1755487715,0.0,0.0,0.0,0.0,0.0,0.0,0.0,0.0,0.0,0.0,lpc
1755487714,1755487716,0.0,0.0,0.0,0.0,0.0,0.0,0.0,0.0,0.0,0.0,lpc
1755487715,1755487717,0.0,0.0,0.0,0.0,0.0,0.0,0.0,0.0,0.0,0.0,lpc
1755487716,1755487718,0.0,0.0,0.0,0.0,0.0,0.0,0.0,0.0,0.0,0.0,lpc
1755487717,1755487719,0.0,0.0,0.0,0.0,0.0,0.0,0.0,0.0,0.0,0.0,lpc
1755487718,1755487720,0.0,0.0,0.0,0.0,0.0,0.0,0.0,0.0,0.0,0.0,lpc
1755487719,1755487721,0.0,0.0,0.0,0.0,0.0,0.0,0.0,0.0,0.0,0.0,lpc
1755487720,1755487722,0.0,0.0,0.0,0.0,0.0,0.0,0.0,0.0,0.0,0.0,lpc
1755487721,1755487723,0.0,0.0,0.0,0.0,0.0,0.0,0.0,0.0,0.0,0.0,lpc
1755487722,1755487724,0.0,0.0,0.0,0.0,0.0,0.0,0.0,0.0,0.0,0.0,lpc
1755487723,1755487725,0.0,0.0,0.0,0.0,0.0,0.0,0.0,0.0,0.0,0.0,lpc
1755487724,1755487726,0.0,0.0,0.0,0.0,0.0,0.0,0.0,0.0,0.0,0.0,lpc
1755487725,1755487727,0.0,0.0,0.0,0.0,0.0,0.0,0.0,0.0,0.0,0.0,lpc
1755487726,1755487728,0.0,0.0,0.0,0.0,0.0,0.0,0.0,0.0,0.0,0.0,lpc
1755487727,1755487729,0.0,0.0,0.0,0.0,0.0,0.0,0.0,0.0,0.0,0.0,lpc
1755487728,1755487730,0.0,0.0,0.0,0.0,0.0,0.0,0.0,0.0,0.0,0.0,lpc
1755487729,1755487731,0.0,0.0,0.0,0.0,0.0,0.0,0.0,0.0,0.0,0.0,lpc
1755487730,1755487732,0.0,0.0,0.0,0.0,0.0,0.0,0.0,0.0,0.0,0.0,lpc
1755487731,1755487733,0.0,0.0,0.0,0.0,0.0,0.0,0.0,0.0,0.0,0.0,lpc
1755487732,1755487734,0.0,0.0,0.0,0.0,0.0,0.0,0.0,0.0,0.0,0.0,lpc
1755487733,1755487735,0.0,0.0,0.0,0.0,0.0,0.0,0.0,0.0,0.0,0.0,lpc
1755487734,1755487736,0.0,0.0,0.0,0.0,0.0,0.0,0.0,0.0,0.0,0.0,lpc
1755487735,1755487737,0.0,0.0,0.0,0.0,0.0,0.0,0.0,0.0,0.0,0.0,lpc
1755487736,1755487738,0.0,0.0,0.0,0.0,0.0,0.0,0.0,0.0,0.0,0.0,lpc
1755487737,1755487739,0.0,0.0,0.0,0.0,0.0,0.0,0.0,0.0,0.0,0.0,lpc
1755487738,1755487740,0.0,0.0,0.0,0.0,0.0,0.0,0.0,0.0,0.0,0.0,lpc
1755487739,1755487741,0.0,0.0,0.0,0.0,0.0,0.0,0.0,0.0,0.0,0.0,lpc
1755487740,1755487742,0.0,0.0,0.0,0.0,0.0,0.0,0.0,0.0,0.0,0.0,lpc
1755487741,1755487743,0.0,0.0,0.0,0.0,0.0,0.0,0.0,0.0,0.0,0.0,lpc
1755487742,1755487744,0.0,0.0,0.0,0.0,0.0,0.0,0.0,0.0,0.0,0.0,lpc
1755487743,1755487745,0.0,0.0,0.0,0.0,0.0,0.0,0.0,0.0,0.0,0.0,lpc
1755487744,1755487746,0.0,0.0,0.0,0.0,0.0,0.0,0.0,0.0,0.0,0.0,lpc
1755487745,1755487747,0.0,0.0,0.0,0.0,0.0,0.0,0.0,0.0,0.0,0.0,lpc
1755487746,1755487748,0.0,0.0,0.0,0.0,0.0,0.0,0.0,0.0,0.0,0.0,lpc
1755487747,1755487749,0.0,0.0,0.0,0.0,0.0,0.0,0.0,0.0,0.0,0.0,lpc
1755487748,1755487750,0.0,0.0,0.0,0.0,0.0,0.0,0.0,0.0,0.0,0.0,lpc
1755487749,1755487751,0.0,0.0,0.0,0.0,0.0,0.0,0.0,0.0,0.0,0.0,lpc
1755487750,1755487752,0.0,0.0,0.0,0.0,0.0,0.0,0.0,0.0,0.0,0.0,lpc
1755487751,1755487753,0.0,0.0,0.0,0.0,0.0,0.0,0.0,0.0,0.0,0.0,lpc
1755487752,1755487754,0.0,0.0,0.0,0.0,0.0,0.0,0.0,0.0,0.0,0.0,lpc
1755487753,1755487755,0.0,0.0,0.0,0.0,0.0,0.0,0.0,0.0,0.0,0.0,lpc
1755487754,1755487756,0.0,0.0,0.0,0.0,0.0,0.0,0.0,0.0,0.0,0.0,lpc
1755487755,1755487757,0.0,0.0,0.0,0.0,0.0,0.0,0.0,0.0,0.0,0.0,lpc
1755487756,1755487758,0.0,0.0,0.0,0.0,0.0,0.0,0.0,0.0,0.0,0.0,lpc
1755487757,1755487759,0.0,0.0,0.0,0.0,0.0,0.0,0.0,0.0,0.0,0.0,lpc
1755487758,1755487760,0.0,0.0,0.0,0.0,0.0,0.0,0.0,0.0,0.0,0.0,lpc
1755487759,1755487761,0.0,0.0,0.0,0.0,0.0,0.0,0.0,0.0,0.0,0.0,lpc
1755487760,1755487762,0.0,0.0,0.0,0.0,0.0,0.0,0.0,0.0,0.0,0.0,lpc
1755487761,1755487763,0.0,0.0,0.0,0.0,0.0,0.0,0.0,0.0,0.0,0.0,lpc
1755487762,1755487764,0.0,0.0,0.0,0.0,0.0,0.0,0.0,0.0,0.0,0.0,lpc
1755487763,1755487765,0.0,0.0,0.0,0.0,0.0,0.0,0.0,0.0,0.0,0.0,lpc
1755487764,1755487766,0.0,0.0,0.0,0.0,0.0,0.0,0.0,0.0,0.0,0.0,lpc
1755487765,1755487767,0.0,0.0,0.0,0.0,0.0,0.0,0.0,0.0,0.0,0.0,lpc
1755487766,1755487768,0.0,0.0,0.0,0.0,0.0,0.0,0.0,0.0,0.0,0.0,lpc
1755487767,1755487769,0.0,0.0,0.0,0.0,0.0,0.0,0.0,0.0,0.0,0.0,lpc
1755487768,1755487770,0.0,0.0,0.0,0.0,0.0,0.0,0.0,0.0,0.0,0.0,lpc
1755487769,1755487771,0.0,0.0,0.0,0.0,0.0,0.0,0.0,0.0,0.0,0.0,lpc
1755487770,1755487772,0.0,0.0,0.0,0.0,0.0,0.0,0.0,0.0,0.0,0.0,lpc
1755487771,1755487773,0.0,0.0,0.0,0.0,0.0,0.0,0.0,0.0,0.0,0.0,lpc
1755487772,1755487774,0.0,0.0,0.0,0.0,0.0,0.0,0.0,0.0,0.0,0.0,lpc
1755487773,1755487775,0.0,0.0,0.0,0.0,0.0,0.0,0.0,0.0,0.0,0.0,lpc
1755487774,1755487776,0.0,0.0,0.0,0.0,0.0,0.0,0.0,0.0,0.0,0.0,lpc
1755487775,1755487777,0.0,0.0,0.0,0.0,0.0,0.0,0.0,0.0,0.0,0.0,lpc
1755487776,1755487778,0.0,0.0,0.0,0.0,0.0,0.0,0.0,0.0,0.0,0.0,lpc
1755487777,1755487779,0.0,0.0,0.0,0.0,0.0,0.0,0.0,0.0,0.0,0.0,lpc
1755487778,1755487780,0.0,0.0,0.0,0.0,0.0,0.0,0.0,0.0,0.0,0.0,lpc
1755487779,1755487781,0.0,0.0,0.0,0.0,0.0,0.0,0.0,0.0,0.0,0.0,lpc
1755487780,1755487782,0.0,0.0,0.0,0.0,0.0,0.0,0.0,0.0,0.0,0.0,lpc
1755487781,1755487783,0.0,0.0,0.0,0.0,0.0,0.0,0.0,0.0,0.0,0.0,lpc
1755487782,1755487784,0.0,0.0,0.0,0.0,0.0,0.0,0.0,0.0,0.0,0.0,lpc
1755487783,1755487785,0.0,0.0,0.0,0.0,0.0,0.0,0.0,0.0,0.0,0.0,lpc
1755487784,1755487786,0.0,0.0,0.0,0.0,0.0,0.0,0.0,0.0,0.0,0.0,lpc
1755487785,1755487787,0.0,0.0,0.0,0.0,0.0,0.0,0.0,0.0,0.0,0.0,lpc
1755487786,1755487788,0.0,0.0,0.0,0.0,0.0,0.0,0.0,0.0,0.0,0.0,lpc
1755487787,1755487789,0.0,0.0,0.0,0.0,0.0,0.0,0.0,0.0,0.0,0.0,lpc
1755487788,1755487790,0.0,0.0,0.0,0.0,0.0,0.0,0.0,0.0,0.0,0.0,lpc
1755487789,1755487791,0.0,0.0,0.0,0.0,0.0,0.0,0.0,0.0,0.0,0.0,lpc
1755487790,1755487792,0.0,0.0,0.0,0.0,0.0,0.0,0.0,0.0,0.0,0.0,lpc
1755487791,1755487793,0.0,0.0,0.0,0.0,0.0,0.0,0.0,0.0,0.0,0.0,lpc
1755487792,1755487794,0.0,0.0,0.0,0.0,0.0,0.0,0.0,0.0,0.0,0.0,lpc
1755487793,1755487795,0.0,0.0,0.0,0.0,0.0,0.0,0.0,0.0,0.0,0.0,lpc
1755487794,1755487796,0.0,0.0,0.0,0.0,0.0,0.0,0.0,0.0,0.0,0.0,lpc
1755487795,1755487797,0.0,0.0,0.0,0.0,0.0,0.0,0.0,0.0,0.0,0.0,lpc
1755487796,1755487798,0.0,0.0,0.0,0.0,0.0,0.0,0.0,0.0,0.0,0.0,lpc
1755487797,1755487799,0.0,0.0,0.0,0.0,0.0,0.0,0.0,0.0,0.0,0.0,lpc
1755487798,1755487800,0.0,0.0,0.0,0.0,0.0,0.0,0.0,0.0,0.0,0.0,lpc
1755487799,1755487801,0.0,0.0,0.0,0.0,0.0,0.0,0.0,0.0,0.0,0.0,lpc
1755487800,1755487802,0.0,0.0,0.0,0.0,0.0,0.0,0.0,0.0,0.0,0.0,lpc
1755487801,1755487803,0.0,0.0,0.0,0.0,0.0,0.0,0.0,0.0,0.0,0.0,lpc
1755487802,1755487804,0.0,0.0,0.0,0.0,0.0,0.0,0.0,0.0,0.0,0.0,lpc
1755487803,1755487805,0.0,0.0,0.0,0.0,0.0,0.0,0.0,0.0,0.0,0.0,lpc
1755487804,1755487806,0.0,0.0,0.0,0.0,0.0,0.0,0.0,0.0,0.0,0.0,lpc
1755487805,1755487807,0.0,0.0,0.0,0.0,0.0,0.0,0.0,0.0,0.0,0.0,lpc
1755487806,1755487808,0.0,0.0,0.0,0.0,0.0,0.0,0.0,0.0,0.0,0.0,lpc
1755487807,1755487809,0.0,0.0,0.0,0.0,0.0,0.0,0.0,0.0,0.0,0.0,lpc
1755487808,1755487810,0.0,0.0,0.0,0.0,0.0,0.0,0.0,0.0,0.0,0.0,lpc
1755487809,1755487811,0.0,0.0,0.0,0.0,0.0,0.0,0.0,0.0,0.0,0.0,lpc
1755487810,1755487812,0.0,0.0,0.0,0.0,0.0,0.0,0.0,0.0,0.0,0.0,lpc
1755487811,1755487813,0.0,0.0,0.0,0.0,0.0,0.0,0.0,0.0,0.0,0.0,lpc
1755487812,1755487814,0.0,0.0,0.0,0.0,0.0,0.0,0.0,0.0,0.0,0.0,lpc
1755487813,1755487815,0.0,0.0,0.0,0.0,0.0,0.0,0.0,0.0,0.0,0.0,lpc
1755487814,1755487816,0.0,0.0,0.0,0.0,0.0,0.0,0.0,0.0,0.0,0.0,lpc
1755487815,1755487817,0.0,0.0,0.0,0.0,0.0,0.0,0.0,0.0,0.0,0.0,lpc
1755487816,1755487818,0.0,0.0,0.0,0.0,0.0,0.0,0.0,0.0,0.0,0.0,lpc
1755487817,1755487819,0.0,0.0,0.0,0.0,0.0,0.0,0.0,0.0,0.0,0.0,lpc
1755487818,1755487820,0.0,0.0,0.0,0.0,0.0,0.0,0.0,0.0,0.0,0.0,lpc
1755487819,1755487821,0.0,0.0,0.0,0.0,0.0,0.0,0.0,0.0,0.0,0.0,lpc
1755487820,1755487822,0.0,0.0,0.0,0.0,0.0,0.0,0.0,0.0,0.0,0.0,lpc
1755487821,1755487823,0.0,0.0,0.0,0.0,0.0,0.0,0.0,0.0,0.0,0.0,lpc
1755487822,1755487824,0.0,0.0,0.0,0.0,0.0,0.0,0.0,0.0,0.0,0.0,lpc
1755487823,1755487825,0.0,0.0,0.0,0.0,0.0,0.0,0.0,0.0,0.0,0.0,lpc
1755487824,1755487826,0.0,0.0,0.0,0.0,0.0,0.0,0.0,0.0,0.0,0.0,lpc
1755487825,1755487827,0.0,0.0,0.0,0.0,0.0,0.0,0.0,0.0,0.0,0.0,lpc
1755487826,1755487828,0.0,0.0,0.0,0.0,0.0,0.0,0.0,0.0,0.0,0.0,lpc
1755487827,1755487829,0.0,0.0,0.0,0.0,0.0,0.0,0.0,0.0,0.0,0.0,lpc
1755487828,1755487830,0.0,0.0,0.0,0.0,0.0,0.0,0.0,0.0,0.0,0.0,lpc
1755487829,1755487831,0.0,0.0,0.0,0.0,0.0,0.0,0.0,0.0,0.0,0.0,lpc
1755487830,1755487832,0.0,0.0,0.0,0.0,0.0,0.0,0.0,0.0,0.0,0.0,lpc
1755487831,1755487833,0.0,0.0,0.0,0.0,0.0,0.0,0.0,0.0,0.0,0.0,lpc
1755487832,1755487834,0.0,0.0,0.0,0.0,0.0,0.0,0.0,0.0,0.0,0.0,lpc
1755487833,1755487835,0.0,0.0,0.0,0.0,0.0,0.0,0.0,0.0,0.0,0.0,lpc
1755487834,1755487836,0.0,0.0,0.0,0.0,0.0,0.0,0.0,0.0,0.0,0.0,lpc
1755487835,1755487837,0.0,0.0,0.0,0.0,0.0,0.0,0.0,0.0,0.0,0.0,lpc
1755487836,1755487838,0.0,0.0,0.0,0.0,0.0,0.0,0.0,0.0,0.0,0.0,lpc
1755487837,1755487839,0.0,0.0,0.0,0.0,0.0,0.0,0.0,0.0,0.0,0.0,lpc
1755487838,1755487840,0.0,0.0,0.0,0.0,0.0,0.0,0.0,0.0,0.0,0.0,lpc
1755487839,1755487841,0.0,0.0,0.0,0.0,0.0,0.0,0.0,0.0,0.0,0.0,lpc
1755487840,1755487842,0.0,0.0,0.0,0.0,0.0,0.0,0.0,0.0,0.0,0.0,lpc
1755487841,1755487843,0.0,0.0,0.0,0.0,0.0,0.0,0.0,0.0,0.0,0.0,lpc
1755487842,1755487844,0.0,0.0,0.0,0.0,0.0,0.0,0.0,0.0,0.0,0.0,lpc
1755487843,1755487845,0.0,0.0,0.0,0.0,0.0,0.0,0.0,0.0,0.0,0.0,lpc
1755487844,1755487846,0.0,0.0,0.0,0.0,0.0,0.0,0.0,0.0,0.0,0.0,lpc
1755487845,1755487847,0.0,0.0,0.0,0.0,0.0,0.0,0.0,0.0,0.0,0.0,lpc
1755487846,1755487848,0.0,0.0,0.0,0.0,0.0,0.0,0.0,0.0,0.0,0.0,lpc
1755487847,1755487849,0.0,0.0,0.0,0.0,0.0,0.0,0.0,0.0,0.0,0.0,lpc
1755487848,1755487850,0.0,0.0,0.0,0.0,0.0,0.0,0.0,0.0,0.0,0.0,lpc
1755487849,1755487851,0.0,0.0,0.0,0.0,0.0,0.0,0.0,0.0,0.0,0.0,lpc
1755487850,1755487852,0.0,0.0,0.0,0.0,0.0,0.0,0.0,0.0,0.0,0.0,lpc
1755487851,1755487853,0.0,0.0,0.0,0.0,0.0,0.0,0.0,0.0,0.0,0.0,lpc
1755487852,1755487854,0.0,0.0,0.0,0.0,0.0,0.0,0.0,0.0,0.0,0.0,lpc
1755487853,1755487855,0.0,0.0,0.0,0.0,0.0,0.0,0.0,0.0,0.0,0.0,lpc
1755487854,1755487856,0.0,0.0,0.0,0.0,0.0,0.0,0.0,0.0,0.0,0.0,lpc
1755487855,1755487857,0.0,0.0,0.0,0.0,0.0,0.0,0.0,0.0,0.0,0.0,lpc
1755487856,1755487858,0.0,0.0,0.0,0.0,0.0,0.0,0.0,0.0,0.0,0.0,lpc
1755487857,1755487859,0.0,0.0,0.0,0.0,0.0,0.0,0.0,0.0,0.0,0.0,lpc
1755487858,1755487860,0.0,0.0,0.0,0.0,0.0,0.0,0.0,0.0,0.0,0.0,lpc
1755487859,1755487861,0.0,0.0,0.0,0.0,0.0,0.0,0.0,0.0,0.0,0.0,lpc
1755487860,1755487862,0.0,0.0,0.0,0.0,0.0,0.0,0.0,0.0,0.0,0.0,lpc
1755487861,1755487863,0.0,0.0,0.0,0.0,0.0,0.0,0.0,0.0,0.0,0.0,lpc
1755487862,1755487864,0.0,0.0,0.0,0.0,0.0,0.0,0.0,0.0,0.0,0.0,lpc
1755487863,1755487865,0.0,0.0,0.0,0.0,0.0,0.0,0.0,0.0,0.0,0.0,lpc
1755487864,1755487866,0.0,0.0,0.0,0.0,0.0,0.0,0.0,0.0,0.0,0.0,lpc
1755487865,1755487867,0.0,0.0,0.0,0.0,0.0,0.0,0.0,0.0,0.0,0.0,lpc
1755487866,1755487868,0.0,0.0,0.0,0.0,0.0,0.0,0.0,0.0,0.0,0.0,lpc
1755487867,1755487869,0.0,0.0,0.0,0.0,0.0,0.0,0.0,0.0,0.0,0.0,lpc
1755487868,1755487870,0.0,0.0,0.0,0.0,0.0,0.0,0.0,0.0,0.0,0.0,lpc
1755487869,1755487871,0.0,0.0,0.0,0.0,0.0,0.0,0.0,0.0,0.0,0.0,lpc
1755487870,1755487872,0.0,0.0,0.0,0.0,0.0,0.0,0.0,0.0,0.0,0.0,lpc
1755487871,1755487873,0.0,0.0,0.0,0.0,0.0,0.0,0.0,0.0,0.0,0.0,lpc
1755487872,1755487874,0.0,0.0,0.0,0.0,0.0,0.0,0.0,0.0,0.0,0.0,lpc
1755487873,1755487875,0.0,0.0,0.0,0.0,0.0,0.0,0.0,0.0,0.0,0.0,lpc
1755487874,1755487876,0.0,0.0,0.0,0.0,0.0,0.0,0.0,0.0,0.0,0.0,lpc
1755487875,1755487877,0.0,0.0,0.0,0.0,0.0,0.0,0.0,0.0,0.0,0.0,lpc
1755487876,1755487878,0.0,0.0,0.0,0.0,0.0,0.0,0.0,0.0,0.0,0.0,lpc
1755487877,1755487879,0.0,0.0,0.0,0.0,0.0,0.0,0.0,0.0,0.0,0.0,lpc
1755487878,1755487880,0.0,0.0,0.0,0.0,0.0,0.0,0.0,0.0,0.0,0.0,lpc
1755487879,1755487881,0.0,0.0,0.0,0.0,0.0,0.0,0.0,0.0,0.0,0.0,lpc
1755487880,1755487882,0.0,0.0,0.0,0.0,0.0,0.0,0.0,0.0,0.0,0.0,lpc
1755487881,1755487883,0.0,0.0,0.0,0.0,0.0,0.0,0.0,0.0,0.0,0.0,lpc
1755487882,1755487884,0.0,0.0,0.0,0.0,0.0,0.0,0.0,0.0,0.0,0.0,lpc
1755487883,1755487885,0.0,0.0,0.0,0.0,0.0,0.0,0.0,0.0,0.0,0.0,lpc
1755487884,1755487886,0.0,0.0,0.0,0.0,0.0,0.0,0.0,0.0,0.0,0.0,lpc
1755487885,1755487887,0.0,0.0,0.0,0.0,0.0,0.0,0.0,0.0,0.0,0.0,lpc
1755487886,1755487888,0.0,0.0,0.0,0.0,0.0,0.0,0.0,0.0,0.0,0.0,lpc
1755487887,1755487889,0.0,0.0,0.0,0.0,0.0,0.0,0.0,0.0,0.0,0.0,lpc
1755487888,1755487890,0.0,0.0,0.0,0.0,0.0,0.0,0.0,0.0,0.0,0.0,lpc
1755487889,1755487891,0.0,0.0,0.0,0.0,0.0,0.0,0.0,0.0,0.0,0.0,lpc
1755487890,1755487892,0.0,0.0,0.0,0.0,0.0,0.0,0.0,0.0,0.0,0.0,lpc
1755487891,1755487893,0.0,0.0,0.0,0.0,0.0,0.0,0.0,0.0,0.0,0.0,lpc
1755487892,1755487894,0.0,0.0,0.0,0.0,0.0,0.0,0.0,0.0,0.0,0.0,lpc
1755487893,1755487895,0.0,0.0,0.0,0.0,0.0,0.0,0.0,0.0,0.0,0.0,lpc
1755487894,1755487896,0.0,0.0,0.0,0.0,0.0,0.0,0.0,0.0,0.0,0.0,lpc
1755487895,1755487897,0.0,0.0,0.0,0.0,0.0,0.0,0.0,0.0,0.0,0.0,lpc
1755487896,1755487898,0.0,0.0,0.0,0.0,0.0,0.0,0.0,0.0,0.0,0.0,lpc
1755487897,1755487899,0.0,0.0,0.0,0.0,0.0,0.0,0.0,0.0,0.0,0.0,lpc
1755487898,1755487900,0.0,0.0,0.0,0.0,0.0,0.0,0.0,0.0,0.0,0.0,lpc
1755487899,1755487901,0.0,0.0,0.0,0.0,0.0,0.0,0.0,0.0,0.0,0.0,lpc
1755487900,1755487902,0.0,0.0,0.0,0.0,0.0,0.0,0.0,0.0,0.0,0.0,lpc
1755487901,1755487903,0.0,0.0,0.0,0.0,0.0,0.0,0.0,0.0,0.0,0.0,lpc
1755487902,1755487904,0.0,0.0,0.0,0.0,0.0,0.0,0.0,0.0,0.0,0.0,lpc
1755487903,1755487905,0.0,0.0,0.0,0.0,0.0,0.0,0.0,0.0,0.0,0.0,lpc
1755487904,1755487906,0.0,0.0,0.0,0.0,0.0,0.0,0.0,0.0,0.0,0.0,lpc
1755487905,1755487907,0.0,0.0,0.0,0.0,0.0,0.0,0.0,0.0,0.0,0.0,lpc
1755487906,1755487908,0.0,0.0,0.0,0.0,0.0,0.0,0.0,0.0,0.0,0.0,lpc
1755487907,1755487909,0.0,0.0,0.0,0.0,0.0,0.0,0.0,0.0,0.0,0.0,lpc
1755487908,1755487910,0.0,0.0,0.0,0.0,0.0,0.0,0.0,0.0,0.0,0.0,lpc
1755487909,1755487911,0.0,0.0,0.0,0.0,0.0,0.0,0.0,0.0,0.0,0.0,lpc
1755487910,1755487912,0.0,0.0,0.0,0.0,0.0,0.0,0.0,0.0,0.0,0.0,lpc
1755487911,1755487913,0.0,0.0,0.0,0.0,0.0,0.0,0.0,0.0,0.0,0.0,lpc
1755487912,1755487914,0.0,0.0,0.0,0.0,0.0,0.0,0.0,0.0,0.0,0.0,lpc
1755487913,1755487915,0.0,0.0,0.0,0.0,0.0,0.0,0.0,0.0,0.0,0.0,lpc
1755487914,1755487916,0.0,0.0,0.0,0.0,0.0,0.0,0.0,0.0,0.0,0.0,lpc
1755487915,1755487917,0.0,0.0,0.0,0.0,0.0,0.0,0.0,0.0,0.0,0.0,lpc
1755487916,1755487918,0.0,0.0,0.0,0.0,0.0,0.0,0.0,0.0,0.0,0.0,lpc
1755487917,1755487919,0.0,0.0,0.0,0.0,0.0,0.0,0.0,0.0,0.0,0.0,lpc
1755487918,1755487920,0.0,0.0,0.0,0.0,0.0,0.0,0.0,0.0,0.0,0.0,lpc
1755487919,1755487921,0.0,0.0,0.0,0.0,0.0,0.0,0.0,0.0,0.0,0.0,lpc
1755487920,1755487922,0.0,0.0,0.0,0.0,0.0,0.0,0.0,0.0,0.0,0.0,lpc
1755487921,1755487923,0.0,0.0,0.0,0.0,0.0,0.0,0.0,0.0,0.0,0.0,lpc
1755487922,1755487924,0.0,0.0,0.0,0.0,0.0,0.0,0.0,0.0,0.0,0.0,lpc
1755487923,1755487925,0.0,0.0,0.0,0.0,0.0,0.0,0.0,0.0,0.0,0.0,lpc
1755487924,1755487926,0.0,0.0,0.0,0.0,0.0,0.0,0.0,0.0,0.0,0.0,lpc
1755487925,1755487927,0.0,0.0,0.0,0.0,0.0,0.0,0.0,0.0,0.0,0.0,lpc
1755487926,1755487928,0.0,0.0,0.0,0.0,0.0,0.0,0.0,0.0,0.0,0.0,lpc
1755487927,1755487929,0.0,0.0,0.0,0.0,0.0,0.0,0.0,0.0,0.0,0.0,lpc
1755487928,1755487930,0.0,0.0,0.0,0.0,0.0,0.0,0.0,0.0,0.0,0.0,lpc
1755487929,1755487931,0.0,0.0,0.0,0.0,0.0,0.0,0.0,0.0,0.0,0.0,lpc
1755487930,1755487932,0.0,0.0,0.0,0.0,0.0,0.0,0.0,0.0,0.0,0.0,lpc
1755487931,1755487933,0.0,0.0,0.0,0.0,0.0,0.0,0.0,0.0,0.0,0.0,lpc
1755487932,1755487934,0.0,0.0,0.0,0.0,0.0,0.0,0.0,0.0,0.0,0.0,lpc
1755487933,1755487935,0.0,0.0,0.0,0.0,0.0,0.0,0.0,0.0,0.0,0.0,lpc
1755487934,1755487936,0.0,0.0,0.0,0.0,0.0,0.0,0.0,0.0,0.0,0.0,lpc
1755487935,1755487937,0.0,0.0,0.0,0.0,0.0,0.0,0.0,0.0,0.0,0.0,lpc
1755487936,1755487938,0.0,0.0,0.0,0.0,0.0,0.0,0.0,0.0,0.0,0.0,lpc
1755487937,1755487939,0.0,0.0,0.0,0.0,0.0,0.0,0.0,0.0,0.0,0.0,lpc
1755487938,1755487940,0.0,0.0,0.0,0.0,0.0,0.0,0.0,0.0,0.0,0.0,lpc
1755487939,1755487941,0.0,0.0,0.0,0.0,0.0,0.0,0.0,0.0,0.0,0.0,lpc
1755487940,1755487942,0.0,0.0,0.0,0.0,0.0,0.0,0.0,0.0,0.0,0.0,lpc
1755487941,1755487943,0.0,0.0,0.0,0.0,0.0,0.0,0.0,0.0,0.0,0.0,lpc
1755487942,1755487944,0.0,0.0,0.0,0.0,0.0,0.0,0.0,0.0,0.0,0.0,lpc
1755487943,1755487945,0.0,0.0,0.0,0.0,0.0,0.0,0.0,0.0,0.0,0.0,lpc
1755487944,1755487946,0.0,0.0,0.0,0.0,0.0,0.0,0.0,0.0,0.0,0.0,lpc
1755487945,1755487947,0.0,0.0,0.0,0.0,0.0,0.0,0.0,0.0,0.0,0.0,lpc
1755487946,1755487948,0.0,0.0,0.0,0.0,0.0,0.0,0.0,0.0,0.0,0.0,lpc
1755487947,1755487949,0.0,0.0,0.0,0.0,0.0,0.0,0.0,0.0,0.0,0.0,lpc
1755487948,1755487950,0.0,0.0,0.0,0.0,0.0,0.0,0.0,0.0,0.0,0.0,lpc
1755487949,1755487951,0.0,0.0,0.0,0.0,0.0,0.0,0.0,0.0,0.0,0.0,lpc
1755487950,1755487952,0.0,0.0,0.0,0.0,0.0,0.0,0.0,0.0,0.0,0.0,lpc
1755487951,1755487953,0.0,0.0,0.0,0.0,0.0,0.0,0.0,0.0,0.0,0.0,lpc
1755487952,1755487954,0.0,0.0,0.0,0.0,0.0,0.0,0.0,0.0,0.0,0.0,lpc
1755487953,1755487955,0.0,0.0,0.0,0.0,0.0,0.0,0.0,0.0,0.0,0.0,lpc
1755487954,1755487956,0.0,0.0,0.0,0.0,0.0,0.0,0.0,0.0,0.0,0.0,lpc
1755487955,1755487957,0.0,0.0,0.0,0.0,0.0,0.0,0.0,0.0,0.0,0.0,lpc
1755487956,1755487958,0.0,0.0,0.0,0.0,0.0,0.0,0.0,0.0,0.0,0.0,lpc
1755487957,1755487959,0.0,0.0,0.0,0.0,0.0,0.0,0.0,0.0,0.0,0.0,lpc
1755487958,1755487960,0.0,0.0,0.0,0.0,0.0,0.0,0.0,0.0,0.0,0.0,lpc
1755487959,1755487961,0.0,0.0,0.0,0.0,0.0,0.0,0.0,0.0,0.0,0.0,lpc
1755487960,1755487962,0.0,0.0,0.0,0.0,0.0,0.0,0.0,0.0,0.0,0.0,lpc
1755487961,1755487963,0.0,0.0,0.0,0.0,0.0,0.0,0.0,0.0,0.0,0.0,lpc
1755487962,1755487964,0.0,0.0,0.0,0.0,0.0,0.0,0.0,0.0,0.0,0.0,lpc
1755487963,1755487965,0.0,0.0,0.0,0.0,0.0,0.0,0.0,0.0,0.0,0.0,lpc
1755487964,1755487966,0.0,0.0,0.0,0.0,0.0,0.0,0.0,0.0,0.0,0.0,lpc
1755487965,1755487967,0.0,0.0,0.0,0.0,0.0,0.0,0.0,0.0,0.0,0.0,lpc
1755487966,1755487968,0.0,0.0,0.0,0.0,0.0,0.0,0.0,0.0,0.0,0.0,lpc
1755487967,1755487969,0.0,0.0,0.0,0.0,0.0,0.0,0.0,0.0,0.0,0.0,lpc
1755487968,1755487970,0.0,0.0,0.0,0.0,0.0,0.0,0.0,0.0,0.0,0.0,lpc
1755487969,1755487971,0.0,0.0,0.0,0.0,0.0,0.0,0.0,0.0,0.0,0.0,lpc
1755487970,1755487972,0.0,0.0,0.0,0.0,0.0,0.0,0.0,0.0,0.0,0.0,lpc
1755487971,1755487973,0.0,0.0,0.0,0.0,0.0,0.0,0.0,0.0,0.0,0.0,lpc
1755487972,1755487974,0.0,0.0,0.0,0.0,0.0,0.0,0.0,0.0,0.0,0.0,lpc
1755487973,1755487975,0.0,0.0,0.0,0.0,0.0,0.0,0.0,0.0,0.0,0.0,lpc
1755487974,1755487976,0.0,0.0,0.0,0.0,0.0,0.0,0.0,0.0,0.0,0.0,lpc
1755487975,1755487977,0.0,0.0,0.0,0.0,0.0,0.0,0.0,0.0,0.0,0.0,lpc
1755487976,1755487978,0.0,0.0,0.0,0.0,0.0,0.0,0.0,0.0,0.0,0.0,lpc
1755487977,1755487979,0.0,0.0,0.0,0.0,0.0,0.0,0.0,0.0,0.0,0.0,lpc
1755487978,1755487980,0.0,0.0,0.0,0.0,0.0,0.0,0.0,0.0,0.0,0.0,lpc
1755487979,1755487981,0.0,0.0,0.0,0.0,0.0,0.0,0.0,0.0,0.0,0.0,lpc
1755487980,1755487982,0.0,0.0,0.0,0.0,0.0,0.0,0.0,0.0,0.0,0.0,lpc
1755487981,1755487983,0.0,0.0,0.0,0.0,0.0,0.0,0.0,0.0,0.0,0.0,lpc
1755487982,1755487984,0.0,0.0,0.0,0.0,0.0,0.0,0.0,0.0,0.0,0.0,lpc
1755487983,1755487985,0.0,0.0,0.0,0.0,0.0,0.0,0.0,0.0,0.0,0.0,lpc
1755487984,1755487986,0.0,0.0,0.0,0.0,0.0,0.0,0.0,0.0,0.0,0.0,lpc
1755487985,1755487987,0.0,0.0,0.0,0.0,0.0,0.0,0.0,0.0,0.0,0.0,lpc
1755487986,1755487988,0.0,0.0,0.0,0.0,0.0,0.0,0.0,0.0,0.0,0.0,lpc
1755487987,1755487989,0.0,0.0,0.0,0.0,0.0,0.0,0.0,0.0,0.0,0.0,lpc
1755487988,1755487990,0.0,0.0,0.0,0.0,0.0,0.0,0.0,0.0,0.0,0.0,lpc
1755487989,1755487991,0.0,0.0,0.0,0.0,0.0,0.0,0.0,0.0,0.0,0.0,lpc
1755487990,1755487992,0.0,0.0,0.0,0.0,0.0,0.0,0.0,0.0,0.0,0.0,lpc
1755487991,1755487993,0.0,0.0,0.0,0.0,0.0,0.0,0.0,0.0,0.0,0.0,lpc
1755487992,1755487994,0.0,0.0,0.0,0.0,0.0,0.0,0.0,0.0,0.0,0.0,lpc
1755487993,1755487995,0.0,0.0,0.0,0.0,0.0,0.0,0.0,0.0,0.0,0.0,lpc
1755487994,1755487996,0.0,0.0,0.0,0.0,0.0,0.0,0.0,0.0,0.0,0.0,lpc
1755487995,1755487997,0.0,0.0,0.0,0.0,0.0,0.0,0.0,0.0,0.0,0.0,lpc
1755487996,1755487998,0.0,0.0,0.0,0.0,0.0,0.0,0.0,0.0,0.0,0.0,lpc
1755487997,1755487999,0.0,0.0,0.0,0.0,0.0,0.0,0.0,0.0,0.0,0.0,lpc
1755487998,1755488000,0.0,0.0,0.0,0.0,0.0,0.0,0.0,0.0,0.0,0.0,lpc
1755487999,1755488001,0.0,0.0,0.0,0.0,0.0,0.0,0.0,0.0,0.0,0.0,lpc
1755488000,1755488002,0.0,0.0,0.0,0.0,0.0,0.0,0.0,0.0,0.0,0.0,lpc
1755488001,1755488003,0.0,0.0,0.0,0.0,0.0,0.0,0.0,0.0,0.0,0.0,lpc
1755488002,1755488004,0.0,0.0,0.0,0.0,0.0,0.0,0.0,0.0,0.0,0.0,lpc
1755488003,1755488005,0.0,0.0,0.0,0.0,0.0,0.0,0.0,0.0,0.0,0.0,lpc
1755488004,1755488006,0.0,0.0,0.0,0.0,0.0,0.0,0.0,0.0,0.0,0.0,lpc
1755488005,1755488007,0.0,0.0,0.0,0.0,0.0,0.0,0.0,0.0,0.0,0.0,lpc
1755488006,1755488008,0.0,0.0,0.0,0.0,0.0,0.0,0.0,0.0,0.0,0.0,lpc
1755488007,1755488009,0.0,0.0,0.0,0.0,0.0,0.0,0.0,0.0,0.0,0.0,lpc
1755488008,1755488010,0.0,0.0,0.0,0.0,0.0,0.0,0.0,0.0,0.0,0.0,lpc
1755488009,1755488011,0.0,0.0,0.0,0.0,0.0,0.0,0.0,0.0,0.0,0.0,lpc
1755488010,1755488012,0.0,0.0,0.0,0.0,0.0,0.0,0.0,0.0,0.0,0.0,lpc
1755488011,1755488013,0.0,0.0,0.0,0.0,0.0,0.0,0.0,0.0,0.0,0.0,lpc
1755488012,1755488014,0.0,0.0,0.0,0.0,0.0,0.0,0.0,0.0,0.0,0.0,lpc
1755488013,1755488015,0.0,0.0,0.0,0.0,0.0,0.0,0.0,0.0,0.0,0.0,lpc
1755488014,1755488016,0.0,0.0,0.0,0.0,0.0,0.0,0.0,0.0,0.0,0.0,lpc
1755488015,1755488017,0.0,0.0,0.0,0.0,0.0,0.0,0.0,0.0,0.0,0.0,lpc
1755488016,1755488018,0.0,0.0,0.0,0.0,0.0,0.0,0.0,0.0,0.0,0.0,lpc
1755488017,1755488019,0.0,0.0,0.0,0.0,0.0,0.0,0.0,0.0,0.0,0.0,lpc
1755488018,1755488020,0.0,0.0,0.0,0.0,0.0,0.0,0.0,0.0,0.0,0.0,lpc
1755488019,1755488021,0.0,0.0,0.0,0.0,0.0,0.0,0.0,0.0,0.0,0.0,lpc
1755488020,1755488022,0.0,0.0,0.0,0.0,0.0,0.0,0.0,0.0,0.0,0.0,lpc
1755488021,1755488023,0.0,0.0,0.0,0.0,0.0,0.0,0.0,0.0,0.0,0.0,lpc
1755488022,1755488024,0.0,0.0,0.0,0.0,0.0,0.0,0.0,0.0,0.0,0.0,lpc
1755488023,1755488025,0.0,0.0,0.0,0.0,0.0,0.0,0.0,0.0,0.0,0.0,lpc
1755488024,1755488026,0.0,0.0,0.0,0.0,0.0,0.0,0.0,0.0,0.0,0.0,lpc
1755488025,1755488027,0.0,0.0,0.0,0.0,0.0,0.0,0.0,0.0,0.0,0.0,lpc
1755488026,1755488028,0.0,0.0,0.0,0.0,0.0,0.0,0.0,0.0,0.0,0.0,lpc
1755488027,1755488029,0.0,0.0,0.0,0.0,0.0,0.0,0.0,0.0,0.0,0.0,lpc
1755488028,1755488030,0.0,0.0,0.0,0.0,0.0,0.0,0.0,0.0,0.0,0.0,lpc
1755488029,1755488031,0.0,0.0,0.0,0.0,0.0,0.0,0.0,0.0,0.0,0.0,lpc
1755488030,1755488032,0.0,0.0,0.0,0.0,0.0,0.0,0.0,0.0,0.0,0.0,lpc
1755488031,1755488033,0.0,0.0,0.0,0.0,0.0,0.0,0.0,0.0,0.0,0.0,lpc
1755488032,1755488034,0.0,0.0,0.0,0.0,0.0,0.0,0.0,0.0,0.0,0.0,lpc
1755488033,1755488035,0.0,0.0,0.0,0.0,0.0,0.0,0.0,0.0,0.0,0.0,lpc
1755488034,1755488036,0.0,0.0,0.0,0.0,0.0,0.0,0.0,0.0,0.0,0.0,lpc
1755488035,1755488037,0.0,0.0,0.0,0.0,0.0,0.0,0.0,0.0,0.0,0.0,lpc
1755488036,1755488038,0.0,0.0,0.0,0.0,0.0,0.0,0.0,0.0,0.0,0.0,lpc
1755488037,1755488039,0.0,0.0,0.0,0.0,0.0,0.0,0.0,0.0,0.0,0.0,lpc
1755488038,1755488040,0.0,0.0,0.0,0.0,0.0,0.0,0.0,0.0,0.0,0.0,lpc
1755488039,1755488041,0.0,0.0,0.0,0.0,0.0,0.0,0.0,0.0,0.0,0.0,lpc
1755488040,1755488042,0.0,0.0,0.0,0.0,0.0,0.0,0.0,0.0,0.0,0.0,lpc
1755488041,1755488043,0.0,0.0,0.0,0.0,0.0,0.0,0.0,0.0,0.0,0.0,lpc
1755488042,1755488044,0.0,0.0,0.0,0.0,0.0,0.0,0.0,0.0,0.0,0.0,lpc
1755488043,1755488045,0.0,0.0,0.0,0.0,0.0,0.0,0.0,0.0,0.0,0.0,lpc
1755488044,1755488046,0.0,0.0,0.0,0.0,0.0,0.0,0.0,0.0,0.0,0.0,lpc
1755488045,1755488047,0.0,0.0,0.0,0.0,0.0,0.0,0.0,0.0,0.0,0.0,lpc
1755488046,1755488048,0.0,0.0,0.0,0.0,0.0,0.0,0.0,0.0,0.0,0.0,lpc
1755488047,1755488049,0.0,0.0,0.0,0.0,0.0,0.0,0.0,0.0,0.0,0.0,lpc
1755488048,1755488050,0.0,0.0,0.0,0.0,0.0,0.0,0.0,0.0,0.0,0.0,lpc
1755488049,1755488051,0.0,0.0,0.0,0.0,0.0,0.0,0.0,0.0,0.0,0.0,lpc
1755488050,1755488052,0.0,0.0,0.0,0.0,0.0,0.0,0.0,0.0,0.0,0.0,lpc
1755488051,1755488053,0.0,0.0,0.0,0.0,0.0,0.0,0.0,0.0,0.0,0.0,lpc
1755488052,1755488054,0.0,0.0,0.0,0.0,0.0,0.0,0.0,0.0,0.0,0.0,lpc
1755488053,1755488055,0.0,0.0,0.0,0.0,0.0,0.0,0.0,0.0,0.0,0.0,lpc
1755488054,1755488056,0.0,0.0,0.0,0.0,0.0,0.0,0.0,0.0,0.0,0.0,lpc
1755488055,1755488057,0.0,0.0,0.0,0.0,0.0,0.0,0.0,0.0,0.0,0.0,lpc
1755488056,1755488058,0.0,0.0,0.0,0.0,0.0,0.0,0.0,0.0,0.0,0.0,lpc
1755488057,1755488059,0.0,0.0,0.0,0.0,0.0,0.0,0.0,0.0,0.0,0.0,lpc
1755488058,1755488060,0.0,0.0,0.0,0.0,0.0,0.0,0.0,0.0,0.0,0.0,lpc
1755488059,1755488061,0.0,0.0,0.0,0.0,0.0,0.0,0.0,0.0,0.0,0.0,lpc
1755488060,1755488062,0.0,0.0,0.0,0.0,0.0,0.0,0.0,0.0,0.0,0.0,lpc
1755488061,1755488063,0.0,0.0,0.0,0.0,0.0,0.0,0.0,0.0,0.0,0.0,lpc
1755488062,1755488064,0.0,0.0,0.0,0.0,0.0,0.0,0.0,0.0,0.0,0.0,lpc
1755488063,1755488065,0.0,0.0,0.0,0.0,0.0,0.0,0.0,0.0,0.0,0.0,lpc
1755488064,1755488066,0.0,0.0,0.0,0.0,0.0,0.0,0.0,0.0,0.0,0.0,lpc
1755488065,1755488067,0.0,0.0,0.0,0.0,0.0,0.0,0.0,0.0,0.0,0.0,lpc
1755488066,1755488068,0.0,0.0,0.0,0.0,0.0,0.0,0.0,0.0,0.0,0.0,lpc
1755488067,1755488069,0.0,0.0,0.0,0.0,0.0,0.0,0.0,0.0,0.0,0.0,lpc
1755488068,1755488070,0.0,0.0,0.0,0.0,0.0,0.0,0.0,0.0,0.0,0.0,lpc
1755488069,1755488071,0.0,0.0,0.0,0.0,0.0,0.0,0.0,0.0,0.0,0.0,lpc
1755488070,1755488072,0.0,0.0,0.0,0.0,0.0,0.0,0.0,0.0,0.0,0.0,lpc
1755488071,1755488073,0.0,0.0,0.0,0.0,0.0,0.0,0.0,0.0,0.0,0.0,lpc
1755488072,1755488074,0.0,0.0,0.0,0.0,0.0,0.0,0.0,0.0,0.0,0.0,lpc
1755488073,1755488075,0.0,0.0,0.0,0.0,0.0,0.0,0.0,0.0,0.0,0.0,lpc
1755488074,1755488076,0.0,0.0,0.0,0.0,0.0,0.0,0.0,0.0,0.0,0.0,lpc
1755488075,1755488077,0.0,0.0,0.0,0.0,0.0,0.0,0.0,0.0,0.0,0.0,lpc
1755488076,1755488078,0.0,0.0,0.0,0.0,0.0,0.0,0.0,0.0,0.0,0.0,lpc
1755488077,1755488079,0.0,0.0,0.0,0.0,0.0,0.0,0.0,0.0,0.0,0.0,lpc
1755488078,1755488080,0.0,0.0,0.0,0.0,0.0,0.0,0.0,0.0,0.0,0.0,lpc
1755488079,1755488081,0.0,0.0,0.0,0.0,0.0,0.0,0.0,0.0,0.0,0.0,lpc
1755488080,1755488082,0.0,0.0,0.0,0.0,0.0,0.0,0.0,0.0,0.0,0.0,lpc
1755488081,1755488083,0.0,0.0,0.0,0.0,0.0,0.0,0.0,0.0,0.0,0.0,lpc
1755488082,1755488084,0.0,0.0,0.0,0.0,0.0,0.0,0.0,0.0,0.0,0.0,lpc
1755488083,1755488085,0.0,0.0,0.0,0.0,0.0,0.0,0.0,0.0,0.0,0.0,lpc
1755488084,1755488086,0.0,0.0,0.0,0.0,0.0,0.0,0.0,0.0,0.0,0.0,lpc
1755488085,1755488087,0.0,0.0,0.0,0.0,0.0,0.0,0.0,0.0,0.0,0.0,lpc
1755488086,1755488088,0.0,0.0,0.0,0.0,0.0,0.0,0.0,0.0,0.0,0.0,lpc
1755488087,1755488089,0.0,0.0,0.0,0.0,0.0,0.0,0.0,0.0,0.0,0.0,lpc
1755488088,1755488090,0.0,0.0,0.0,0.0,0.0,0.0,0.0,0.0,0.0,0.0,lpc
1755488089,1755488091,0.0,0.0,0.0,0.0,0.0,0.0,0.0,0.0,0.0,0.0,lpc
1755488090,1755488092,0.0,0.0,0.0,0.0,0.0,0.0,0.0,0.0,0.0,0.0,lpc
1755488091,1755488093,0.0,0.0,0.0,0.0,0.0,0.0,0.0,0.0,0.0,0.0,lpc
1755488092,1755488094,0.0,0.0,0.0,0.0,0.0,0.0,0.0,0.0,0.0,0.0,lpc
1755488093,1755488095,0.0,0.0,0.0,0.0,0.0,0.0,0.0,0.0,0.0,0.0,lpc
1755488094,1755488096,0.0,0.0,0.0,0.0,0.0,0.0,0.0,0.0,0.0,0.0,lpc
1755488095,1755488097,0.0,0.0,0.0,0.0,0.0,0.0,0.0,0.0,0.0,0.0,lpc
1755488096,1755488098,0.0,0.0,0.0,0.0,0.0,0.0,0.0,0.0,0.0,0.0,lpc
1755488097,1755488099,0.0,0.0,0.0,0.0,0.0,0.0,0.0,0.0,0.0,0.0,lpc
1755488098,1755488100,0.0,0.0,0.0,0.0,0.0,0.0,0.0,0.0,0.0,0.0,lpc
1755488099,1755488101,0.0,0.0,0.0,0.0,0.0,0.0,0.0,0.0,0.0,0.0,lpc
1755488100,1755488102,0.0,0.0,0.0,0.0,0.0,0.0,0.0,0.0,0.0,0.0,lpc
1755488101,1755488103,0.0,0.0,0.0,0.0,0.0,0.0,0.0,0.0,0.0,0.0,lpc
1755488102,1755488104,0.0,0.0,0.0,0.0,0.0,0.0,0.0,0.0,0.0,0.0,lpc
1755488103,1755488105,0.0,0.0,0.0,0.0,0.0,0.0,0.0,0.0,0.0,0.0,lpc
1755488104,1755488106,0.0,0.0,0.0,0.0,0.0,0.0,0.0,0.0,0.0,0.0,lpc
1755488105,1755488107,0.0,0.0,0.0,0.0,0.0,0.0,0.0,0.0,0.0,0.0,lpc
1755488106,1755488108,0.0,0.0,0.0,0.0,0.0,0.0,0.0,0.0,0.0,0.0,lpc
1755488107,1755488109,0.0,0.0,0.0,0.0,0.0,0.0,0.0,0.0,0.0,0.0,lpc
1755488108,1755488110,0.0,0.0,0.0,0.0,0.0,0.0,0.0,0.0,0.0,0.0,lpc
1755488109,1755488111,0.0,0.0,0.0,0.0,0.0,0.0,0.0,0.0,0.0,0.0,lpc
1755488110,1755488112,0.0,0.0,0.0,0.0,0.0,0.0,0.0,0.0,0.0,0.0,lpc
1755488111,1755488113,0.0,0.0,0.0,0.0,0.0,0.0,0.0,0.0,0.0,0.0,lpc
1755488112,1755488114,0.0,0.0,0.0,0.0,0.0,0.0,0.0,0.0,0.0,0.0,lpc
1755488113,1755488115,0.0,0.0,0.0,0.0,0.0,0.0,0.0,0.0,0.0,0.0,lpc
1755488114,1755488116,0.0,0.0,0.0,0.0,0.0,0.0,0.0,0.0,0.0,0.0,lpc
1755488115,1755488117,0.0,0.0,0.0,0.0,0.0,0.0,0.0,0.0,0.0,0.0,lpc
1755488116,1755488118,0.0,0.0,0.0,0.0,0.0,0.0,0.0,0.0,0.0,0.0,lpc
1755488117,1755488119,0.0,0.0,0.0,0.0,0.0,0.0,0.0,0.0,0.0,0.0,lpc
1755488118,1755488120,0.0,0.0,0.0,0.0,0.0,0.0,0.0,0.0,0.0,0.0,lpc
1755488119,1755488121,0.0,0.0,0.0,0.0,0.0,0.0,0.0,0.0,0.0,0.0,lpc
1755488120,1755488122,0.0,0.0,0.0,0.0,0.0,0.0,0.0,0.0,0.0,0.0,lpc
1755488121,1755488123,0.0,0.0,0.0,0.0,0.0,0.0,0.0,0.0,0.0,0.0,lpc
1755488122,1755488124,0.0,0.0,0.0,0.0,0.0,0.0,0.0,0.0,0.0,0.0,lpc
1755488123,1755488125,0.0,0.0,0.0,0.0,0.0,0.0,0.0,0.0,0.0,0.0,lpc
1755488124,1755488126,0.0,0.0,0.0,0.0,0.0,0.0,0.0,0.0,0.0,0.0,lpc
1755488125,1755488127,0.0,0.0,0.0,0.0,0.0,0.0,0.0,0.0,0.0,0.0,lpc
1755488126,1755488128,0.0,0.0,0.0,0.0,0.0,0.0,0.0,0.0,0.0,0.0,lpc
1755488127,1755488129,0.0,0.0,0.0,0.0,0.0,0.0,0.0,0.0,0.0,0.0,lpc
1755488128,1755488130,0.0,0.0,0.0,0.0,0.0,0.0,0.0,0.0,0.0,0.0,lpc
1755488129,1755488131,0.0,0.0,0.0,0.0,0.0,0.0,0.0,0.0,0.0,0.0,lpc
1755488130,1755488132,0.0,0.0,0.0,0.0,0.0,0.0,0.0,0.0,0.0,0.0,lpc
1755488131,1755488133,0.0,0.0,0.0,0.0,0.0,0.0,0.0,0.0,0.0,0.0,lpc
1755488132,1755488134,0.0,0.0,0.0,0.0,0.0,0.0,0.0,0.0,0.0,0.0,lpc
1755488133,1755488135,0.0,0.0,0.0,0.0,0.0,0.0,0.0,0.0,0.0,0.0,lpc
1755488134,1755488136,0.0,0.0,0.0,0.0,0.0,0.0,0.0,0.0,0.0,0.0,lpc
1755488135,1755488137,0.0,0.0,0.0,0.0,0.0,0.0,0.0,0.0,0.0,0.0,lpc
1755488136,1755488138,0.0,0.0,0.0,0.0,0.0,0.0,0.0,0.0,0.0,0.0,lpc
1755488137,1755488139,0.0,0.0,0.0,0.0,0.0,0.0,0.0,0.0,0.0,0.0,lpc
1755488138,1755488140,0.0,0.0,0.0,0.0,0.0,0.0,0.0,0.0,0.0,0.0,lpc
1755488139,1755488141,0.0,0.0,0.0,0.0,0.0,0.0,0.0,0.0,0.0,0.0,lpc
1755488140,1755488142,0.0,0.0,0.0,0.0,0.0,0.0,0.0,0.0,0.0,0.0,lpc
1755488141,1755488143,0.0,0.0,0.0,0.0,0.0,0.0,0.0,0.0,0.0,0.0,lpc
1755488142,1755488144,0.0,0.0,0.0,0.0,0.0,0.0,0.0,0.0,0.0,0.0,lpc
1755488143,1755488145,0.0,0.0,0.0,0.0,0.0,0.0,0.0,0.0,0.0,0.0,lpc
1755488144,1755488146,0.0,0.0,0.0,0.0,0.0,0.0,0.0,0.0,0.0,0.0,lpc
1755488145,1755488147,0.0,0.0,0.0,0.0,0.0,0.0,0.0,0.0,0.0,0.0,lpc
1755488146,1755488148,0.0,0.0,0.0,0.0,0.0,0.0,0.0,0.0,0.0,0.0,lpc
1755488147,1755488149,0.0,0.0,0.0,0.0,0.0,0.0,0.0,0.0,0.0,0.0,lpc
1755488148,1755488150,0.0,0.0,0.0,0.0,0.0,0.0,0.0,0.0,0.0,0.0,lpc
1755488149,1755488151,0.0,0.0,0.0,0.0,0.0,0.0,0.0,0.0,0.0,0.0,lpc
1755488150,1755488152,0.0,0.0,0.0,0.0,0.0,0.0,0.0,0.0,0.0,0.0,lpc
1755488151,1755488153,0.0,0.0,0.0,0.0,0.0,0.0,0.0,0.0,0.0,0.0,lpc
1755488152,1755488154,0.0,0.0,0.0,0.0,0.0,0.0,0.0,0.0,0.0,0.0,lpc
1755488153,1755488155,0.0,0.0,0.0,0.0,0.0,0.0,0.0,0.0,0.0,0.0,lpc
1755488154,1755488156,0.0,0.0,0.0,0.0,0.0,0.0,0.0,0.0,0.0,0.0,lpc
1755488155,1755488157,0.0,0.0,0.0,0.0,0.0,0.0,0.0,0.0,0.0,0.0,lpc
1755488156,1755488158,0.0,0.0,0.0,0.0,0.0,0.0,0.0,0.0,0.0,0.0,lpc
1755488157,1755488159,0.0,0.0,0.0,0.0,0.0,0.0,0.0,0.0,0.0,0.0,lpc
1755488158,1755488160,0.0,0.0,0.0,0.0,0.0,0.0,0.0,0.0,0.0,0.0,lpc
1755488159,1755488161,0.0,0.0,0.0,0.0,0.0,0.0,0.0,0.0,0.0,0.0,lpc
1755488160,1755488162,0.0,0.0,0.0,0.0,0.0,0.0,0.0,0.0,0.0,0.0,lpc
1755488161,1755488163,0.0,0.0,0.0,0.0,0.0,0.0,0.0,0.0,0.0,0.0,lpc
1755488162,1755488164,0.0,0.0,0.0,0.0,0.0,0.0,0.0,0.0,0.0,0.0,lpc
1755488163,1755488165,0.0,0.0,0.0,0.0,0.0,0.0,0.0,0.0,0.0,0.0,lpc
1755488164,1755488166,0.0,0.0,0.0,0.0,0.0,0.0,0.0,0.0,0.0,0.0,lpc
1755488165,1755488167,0.0,0.0,0.0,0.0,0.0,0.0,0.0,0.0,0.0,0.0,lpc
1755488166,1755488168,0.0,0.0,0.0,0.0,0.0,0.0,0.0,0.0,0.0,0.0,lpc
1755488167,1755488169,0.0,0.0,0.0,0.0,0.0,0.0,0.0,0.0,0.0,0.0,lpc
1755488168,1755488170,0.0,0.0,0.0,0.0,0.0,0.0,0.0,0.0,0.0,0.0,lpc
1755488169,1755488171,0.0,0.0,0.0,0.0,0.0,0.0,0.0,0.0,0.0,0.0,lpc
1755488170,1755488172,0.0,0.0,0.0,0.0,0.0,0.0,0.0,0.0,0.0,0.0,lpc
1755488171,1755488173,0.0,0.0,0.0,0.0,0.0,0.0,0.0,0.0,0.0,0.0,lpc
1755488172,1755488174,0.0,0.0,0.0,0.0,0.0,0.0,0.0,0.0,0.0,0.0,lpc
1755488173,1755488175,0.0,0.0,0.0,0.0,0.0,0.0,0.0,0.0,0.0,0.0,lpc
1755488174,1755488176,0.0,0.0,0.0,0.0,0.0,0.0,0.0,0.0,0.0,0.0,lpc
1755488175,1755488177,0.0,0.0,0.0,0.0,0.0,0.0,0.0,0.0,0.0,0.0,lpc
1755488176,1755488178,0.0,0.0,0.0,0.0,0.0,0.0,0.0,0.0,0.0,0.0,lpc
1755488177,1755488179,0.0,0.0,0.0,0.0,0.0,0.0,0.0,0.0,0.0,0.0,lpc
1755488178,1755488180,0.0,0.0,0.0,0.0,0.0,0.0,0.0,0.0,0.0,0.0,lpc
1755488179,1755488181,0.0,0.0,0.0,0.0,0.0,0.0,0.0,0.0,0.0,0.0,lpc
1755488180,1755488182,0.0,0.0,0.0,0.0,0.0,0.0,0.0,0.0,0.0,0.0,lpc
1755488181,1755488183,0.0,0.0,0.0,0.0,0.0,0.0,0.0,0.0,0.0,0.0,lpc
1755488182,1755488184,0.0,0.0,0.0,0.0,0.0,0.0,0.0,0.0,0.0,0.0,lpc
1755488183,1755488185,0.0,0.0,0.0,0.0,0.0,0.0,0.0,0.0,0.0,0.0,lpc
1755488184,1755488186,0.0,0.0,0.0,0.0,0.0,0.0,0.0,0.0,0.0,0.0,lpc
1755488185,1755488187,0.0,0.0,0.0,0.0,0.0,0.0,0.0,0.0,0.0,0.0,lpc
1755488186,1755488188,0.0,0.0,0.0,0.0,0.0,0.0,0.0,0.0,0.0,0.0,lpc
1755488187,1755488189,0.0,0.0,0.0,0.0,0.0,0.0,0.0,0.0,0.0,0.0,lpc
1755488188,1755488190,0.0,0.0,0.0,0.0,0.0,0.0,0.0,0.0,0.0,0.0,lpc
1755488189,1755488191,0.0,0.0,0.0,0.0,0.0,0.0,0.0,0.0,0.0,0.0,lpc
1755488190,1755488192,0.0,0.0,0.0,0.0,0.0,0.0,0.0,0.0,0.0,0.0,lpc
1755488191,1755488193,0.0,0.0,0.0,0.0,0.0,0.0,0.0,0.0,0.0,0.0,lpc
1755488192,1755488194,0.0,0.0,0.0,0.0,0.0,0.0,0.0,0.0,0.0,0.0,lpc
1755488193,1755488195,0.0,0.0,0.0,0.0,0.0,0.0,0.0,0.0,0.0,0.0,lpc
1755488194,1755488196,0.0,0.0,0.0,0.0,0.0,0.0,0.0,0.0,0.0,0.0,lpc
1755488195,1755488197,0.0,0.0,0.0,0.0,0.0,0.0,0.0,0.0,0.0,0.0,lpc
1755488196,1755488198,0.0,0.0,0.0,0.0,0.0,0.0,0.0,0.0,0.0,0.0,lpc
1755488197,1755488199,0.0,0.0,0.0,0.0,0.0,0.0,0.0,0.0,0.0,0.0,lpc
1755488198,1755488200,0.0,0.0,0.0,0.0,0.0,0.0,0.0,0.0,0.0,0.0,lpc
1755488199,1755488201,0.0,0.0,0.0,0.0,0.0,0.0,0.0,0.0,0.0,0.0,lpc
1755488200,1755488202,0.0,0.0,0.0,0.0,0.0,0.0,0.0,0.0,0.0,0.0,lpc
1755488201,1755488203,0.0,0.0,0.0,0.0,0.0,0.0,0.0,0.0,0.0,0.0,lpc
1755488202,1755488204,0.0,0.0,0.0,0.0,0.0,0.0,0.0,0.0,0.0,0.0,lpc
1755488203,1755488205,0.0,0.0,0.0,0.0,0.0,0.0,0.0,0.0,0.0,0.0,lpc
1755488204,1755488206,0.0,0.0,0.0,0.0,0.0,0.0,0.0,0.0,0.0,0.0,lpc
1755488205,1755488207,0.0,0.0,0.0,0.0,0.0,0.0,0.0,0.0,0.0,0.0,lpc
1755488206,1755488208,0.0,0.0,0.0,0.0,0.0,0.0,0.0,0.0,0.0,0.0,lpc
1755488207,1755488209,0.0,0.0,0.0,0.0,0.0,0.0,0.0,0.0,0.0,0.0,lpc
1755488208,1755488210,0.0,0.0,0.0,0.0,0.0,0.0,0.0,0.0,0.0,0.0,lpc
1755488209,1755488211,0.0,0.0,0.0,0.0,0.0,0.0,0.0,0.0,0.0,0.0,lpc
1755488210,1755488212,0.0,0.0,0.0,0.0,0.0,0.0,0.0,0.0,0.0,0.0,lpc
1755488211,1755488213,0.0,0.0,0.0,0.0,0.0,0.0,0.0,0.0,0.0,0.0,lpc
1755488212,1755488214,0.0,0.0,0.0,0.0,0.0,0.0,0.0,0.0,0.0,0.0,lpc
1755488213,1755488215,0.0,0.0,0.0,0.0,0.0,0.0,0.0,0.0,0.0,0.0,lpc
1755488214,1755488216,0.0,0.0,0.0,0.0,0.0,0.0,0.0,0.0,0.0,0.0,lpc
1755488215,1755488217,0.0,0.0,0.0,0.0,0.0,0.0,0.0,0.0,0.0,0.0,lpc
1755488216,1755488218,0.0,0.0,0.0,0.0,0.0,0.0,0.0,0.0,0.0,0.0,lpc
1755488217,1755488219,0.0,0.0,0.0,0.0,0.0,0.0,0.0,0.0,0.0,0.0,lpc
1755488218,1755488220,0.0,0.0,0.0,0.0,0.0,0.0,0.0,0.0,0.0,0.0,lpc
1755488219,1755488221,0.0,0.0,0.0,0.0,0.0,0.0,0.0,0.0,0.0,0.0,lpc
1755488220,1755488222,0.0,0.0,0.0,0.0,0.0,0.0,0.0,0.0,0.0,0.0,lpc
1755488221,1755488223,0.0,0.0,0.0,0.0,0.0,0.0,0.0,0.0,0.0,0.0,lpc
1755488222,1755488224,0.0,0.0,0.0,0.0,0.0,0.0,0.0,0.0,0.0,0.0,lpc
1755488223,1755488225,0.0,0.0,0.0,0.0,0.0,0.0,0.0,0.0,0.0,0.0,lpc
1755488224,1755488226,0.0,0.0,0.0,0.0,0.0,0.0,0.0,0.0,0.0,0.0,lpc
1755488225,1755488227,0.0,0.0,0.0,0.0,0.0,0.0,0.0,0.0,0.0,0.0,lpc
1755488226,1755488228,0.0,0.0,0.0,0.0,0.0,0.0,0.0,0.0,0.0,0.0,lpc
1755488227,1755488229,0.0,0.0,0.0,0.0,0.0,0.0,0.0,0.0,0.0,0.0,lpc
1755488228,1755488230,0.0,0.0,0.0,0.0,0.0,0.0,0.0,0.0,0.0,0.0,lpc
1755488229,1755488231,0.0,0.0,0.0,0.0,0.0,0.0,0.0,0.0,0.0,0.0,lpc
1755488230,1755488232,0.0,0.0,0.0,0.0,0.0,0.0,0.0,0.0,0.0,0.0,lpc
1755488231,1755488233,0.0,0.0,0.0,0.0,0.0,0.0,0.0,0.0,0.0,0.0,lpc
1755488232,1755488234,0.0,0.0,0.0,0.0,0.0,0.0,0.0,0.0,0.0,0.0,lpc
1755488233,1755488235,0.0,0.0,0.0,0.0,0.0,0.0,0.0,0.0,0.0,0.0,lpc
1755488234,1755488236,0.0,0.0,0.0,0.0,0.0,0.0,0.0,0.0,0.0,0.0,lpc
1755488235,1755488237,0.0,0.0,0.0,0.0,0.0,0.0,0.0,0.0,0.0,0.0,lpc
1755488236,1755488238,0.0,0.0,0.0,0.0,0.0,0.0,0.0,0.0,0.0,0.0,lpc
1755488237,1755488239,0.0,0.0,0.0,0.0,0.0,0.0,0.0,0.0,0.0,0.0,lpc
1755488238,1755488240,0.0,0.0,0.0,0.0,0.0,0.0,0.0,0.0,0.0,0.0,lpc
1755488239,1755488241,0.0,0.0,0.0,0.0,0.0,0.0,0.0,0.0,0.0,0.0,lpc
1755488240,1755488242,0.0,0.0,0.0,0.0,0.0,0.0,0.0,0.0,0.0,0.0,lpc
1755488241,1755488243,0.0,0.0,0.0,0.0,0.0,0.0,0.0,0.0,0.0,0.0,lpc
1755488242,1755488244,0.0,0.0,0.0,0.0,0.0,0.0,0.0,0.0,0.0,0.0,lpc
1755488243,1755488245,0.0,0.0,0.0,0.0,0.0,0.0,0.0,0.0,0.0,0.0,lpc
1755488244,1755488246,0.0,0.0,0.0,0.0,0.0,0.0,0.0,0.0,0.0,0.0,lpc
1755488245,1755488247,0.0,0.0,0.0,0.0,0.0,0.0,0.0,0.0,0.0,0.0,lpc
1755488246,1755488248,0.0,0.0,0.0,0.0,0.0,0.0,0.0,0.0,0.0,0.0,lpc
1755488247,1755488249,0.0,0.0,0.0,0.0,0.0,0.0,0.0,0.0,0.0,0.0,lpc
1755488248,1755488250,0.0,0.0,0.0,0.0,0.0,0.0,0.0,0.0,0.0,0.0,lpc
1755488249,1755488251,0.0,0.0,0.0,0.0,0.0,0.0,0.0,0.0,0.0,0.0,lpc
1755488250,1755488252,0.0,0.0,0.0,0.0,0.0,0.0,0.0,0.0,0.0,0.0,lpc
1755488251,1755488253,0.0,0.0,0.0,0.0,0.0,0.0,0.0,0.0,0.0,0.0,lpc
1755488252,1755488254,0.0,0.0,0.0,0.0,0.0,0.0,0.0,0.0,0.0,0.0,lpc
1755488253,1755488255,0.0,0.0,0.0,0.0,0.0,0.0,0.0,0.0,0.0,0.0,lpc
1755488254,1755488256,0.0,0.0,0.0,0.0,0.0,0.0,0.0,0.0,0.0,0.0,lpc
1755488255,1755488257,0.0,0.0,0.0,0.0,0.0,0.0,0.0,0.0,0.0,0.0,lpc
1755488256,1755488258,0.0,0.0,0.0,0.0,0.0,0.0,0.0,0.0,0.0,0.0,lpc
1755488257,1755488259,0.0,0.0,0.0,0.0,0.0,0.0,0.0,0.0,0.0,0.0,lpc
1755488258,1755488260,0.0,0.0,0.0,0.0,0.0,0.0,0.0,0.0,0.0,0.0,lpc
1755488259,1755488261,0.0,0.0,0.0,0.0,0.0,0.0,0.0,0.0,0.0,0.0,lpc
1755488260,1755488262,0.0,0.0,0.0,0.0,0.0,0.0,0.0,0.0,0.0,0.0,lpc
1755488261,1755488263,0.0,0.0,0.0,0.0,0.0,0.0,0.0,0.0,0.0,0.0,lpc
1755488262,1755488264,0.0,0.0,0.0,0.0,0.0,0.0,0.0,0.0,0.0,0.0,lpc
1755488263,1755488265,0.0,0.0,0.0,0.0,0.0,0.0,0.0,0.0,0.0,0.0,lpc
1755488264,1755488266,0.0,0.0,0.0,0.0,0.0,0.0,0.0,0.0,0.0,0.0,lpc
1755488265,1755488267,0.0,0.0,0.0,0.0,0.0,0.0,0.0,0.0,0.0,0.0,lpc
1755488266,1755488268,0.0,0.0,0.0,0.0,0.0,0.0,0.0,0.0,0.0,0.0,lpc
1755488267,1755488269,0.0,0.0,0.0,0.0,0.0,0.0,0.0,0.0,0.0,0.0,lpc
1755488268,1755488270,0.0,0.0,0.0,0.0,0.0,0.0,0.0,0.0,0.0,0.0,lpc
1755488269,1755488271,0.0,0.0,0.0,0.0,0.0,0.0,0.0,0.0,0.0,0.0,lpc
1755488270,1755488272,0.0,0.0,0.0,0.0,0.0,0.0,0.0,0.0,0.0,0.0,lpc
1755488271,1755488273,0.0,0.0,0.0,0.0,0.0,0.0,0.0,0.0,0.0,0.0,lpc
1755488272,1755488274,0.0,0.0,0.0,0.0,0.0,0.0,0.0,0.0,0.0,0.0,lpc
1755488273,1755488275,0.0,0.0,0.0,0.0,0.0,0.0,0.0,0.0,0.0,0.0,lpc
1755488274,1755488276,0.0,0.0,0.0,0.0,0.0,0.0,0.0,0.0,0.0,0.0,lpc
1755488275,1755488277,0.0,0.0,0.0,0.0,0.0,0.0,0.0,0.0,0.0,0.0,lpc
1755488276,1755488278,0.0,0.0,0.0,0.0,0.0,0.0,0.0,0.0,0.0,0.0,lpc
1755488277,1755488279,0.0,0.0,0.0,0.0,0.0,0.0,0.0,0.0,0.0,0.0,lpc
1755488278,1755488280,0.0,0.0,0.0,0.0,0.0,0.0,0.0,0.0,0.0,0.0,lpc
1755488279,1755488281,0.0,0.0,0.0,0.0,0.0,0.0,0.0,0.0,0.0,0.0,lpc
1755488280,1755488282,0.0,0.0,0.0,0.0,0.0,0.0,0.0,0.0,0.0,0.0,lpc
1755488281,1755488283,0.0,0.0,0.0,0.0,0.0,0.0,0.0,0.0,0.0,0.0,lpc
1755488282,1755488284,0.0,0.0,0.0,0.0,0.0,0.0,0.0,0.0,0.0,0.0,lpc
1755488283,1755488285,0.0,0.0,0.0,0.0,0.0,0.0,0.0,0.0,0.0,0.0,lpc
1755488284,1755488286,0.0,0.0,0.0,0.0,0.0,0.0,0.0,0.0,0.0,0.0,lpc
1755488285,1755488287,0.0,0.0,0.0,0.0,0.0,0.0,0.0,0.0,0.0,0.0,lpc
1755488286,1755488288,0.0,0.0,0.0,0.0,0.0,0.0,0.0,0.0,0.0,0.0,lpc
1755488287,1755488289,0.0,0.0,0.0,0.0,0.0,0.0,0.0,0.0,0.0,0.0,lpc
1755488288,1755488290,0.0,0.0,0.0,0.0,0.0,0.0,0.0,0.0,0.0,0.0,lpc
1755488289,1755488291,0.0,0.0,0.0,0.0,0.0,0.0,0.0,0.0,0.0,0.0,lpc
1755488290,1755488292,0.0,0.0,0.0,0.0,0.0,0.0,0.0,0.0,0.0,0.0,lpc
1755488291,1755488293,0.0,0.0,0.0,0.0,0.0,0.0,0.0,0.0,0.0,0.0,lpc
1755488292,1755488294,0.0,0.0,0.0,0.0,0.0,0.0,0.0,0.0,0.0,0.0,lpc
1755488293,1755488295,0.0,0.0,0.0,0.0,0.0,0.0,0.0,0.0,0.0,0.0,lpc
1755488294,1755488296,0.0,0.0,0.0,0.0,0.0,0.0,0.0,0.0,0.0,0.0,lpc
1755488295,1755488297,0.0,0.0,0.0,0.0,0.0,0.0,0.0,0.0,0.0,0.0,lpc
1755488296,1755488298,0.0,0.0,0.0,0.0,0.0,0.0,0.0,0.0,0.0,0.0,lpc
1755488297,1755488299,0.0,0.0,0.0,0.0,0.0,0.0,0.0,0.0,0.0,0.0,lpc
1755488298,1755488300,0.0,0.0,0.0,0.0,0.0,0.0,0.0,0.0,0.0,0.0,lpc
1755488299,1755488301,0.0,0.0,0.0,0.0,0.0,0.0,0.0,0.0,0.0,0.0,lpc
1755488300,1755488302,0.0,0.0,0.0,0.0,0.0,0.0,0.0,0.0,0.0,0.0,lpc
1755488301,1755488303,0.0,0.0,0.0,0.0,0.0,0.0,0.0,0.0,0.0,0.0,lpc
1755488302,1755488304,0.0,0.0,0.0,0.0,0.0,0.0,0.0,0.0,0.0,0.0,lpc
1755488303,1755488305,0.0,0.0,0.0,0.0,0.0,0.0,0.0,0.0,0.0,0.0,lpc
1755488304,1755488306,0.0,0.0,0.0,0.0,0.0,0.0,0.0,0.0,0.0,0.0,lpc
1755488305,1755488307,0.0,0.0,0.0,0.0,0.0,0.0,0.0,0.0,0.0,0.0,lpc
1755488306,1755488308,0.0,0.0,0.0,0.0,0.0,0.0,0.0,0.0,0.0,0.0,lpc
1755488307,1755488309,0.0,0.0,0.0,0.0,0.0,0.0,0.0,0.0,0.0,0.0,lpc
1755488308,1755488310,0.0,0.0,0.0,0.0,0.0,0.0,0.0,0.0,0.0,0.0,lpc
1755488309,1755488311,0.0,0.0,0.0,0.0,0.0,0.0,0.0,0.0,0.0,0.0,lpc
1755488310,1755488312,0.0,0.0,0.0,0.0,0.0,0.0,0.0,0.0,0.0,0.0,lpc
1755488311,1755488313,0.0,0.0,0.0,0.0,0.0,0.0,0.0,0.0,0.0,0.0,lpc
1755488312,1755488314,0.0,0.0,0.0,0.0,0.0,0.0,0.0,0.0,0.0,0.0,lpc
1755488313,1755488315,0.0,0.0,0.0,0.0,0.0,0.0,0.0,0.0,0.0,0.0,lpc
1755488314,1755488316,0.0,0.0,0.0,0.0,0.0,0.0,0.0,0.0,0.0,0.0,lpc
1755488315,1755488317,0.0,0.0,0.0,0.0,0.0,0.0,0.0,0.0,0.0,0.0,lpc
1755488316,1755488318,0.0,0.0,0.0,0.0,0.0,0.0,0.0,0.0,0.0,0.0,lpc
1755488317,1755488319,0.0,0.0,0.0,0.0,0.0,0.0,0.0,0.0,0.0,0.0,lpc
1755488318,1755488320,0.0,0.0,0.0,0.0,0.0,0.0,0.0,0.0,0.0,0.0,lpc
1755488319,1755488321,0.0,0.0,0.0,0.0,0.0,0.0,0.0,0.0,0.0,0.0,lpc
1755488320,1755488322,0.0,0.0,0.0,0.0,0.0,0.0,0.0,0.0,0.0,0.0,lpc
1755488321,1755488323,0.0,0.0,0.0,0.0,0.0,0.0,0.0,0.0,0.0,0.0,lpc
1755488322,1755488324,0.0,0.0,0.0,0.0,0.0,0.0,0.0,0.0,0.0,0.0,lpc
1755488323,1755488325,0.0,0.0,0.0,0.0,0.0,0.0,0.0,0.0,0.0,0.0,lpc
1755488324,1755488326,0.0,0.0,0.0,0.0,0.0,0.0,0.0,0.0,0.0,0.0,lpc
1755488325,1755488327,0.0,0.0,0.0,0.0,0.0,0.0,0.0,0.0,0.0,0.0,lpc
1755488326,1755488328,0.0,0.0,0.0,0.0,0.0,0.0,0.0,0.0,0.0,0.0,lpc
1755488327,1755488329,0.0,0.0,0.0,0.0,0.0,0.0,0.0,0.0,0.0,0.0,lpc
1755488328,1755488330,0.0,0.0,0.0,0.0,0.0,0.0,0.0,0.0,0.0,0.0,lpc
1755488329,1755488331,0.0,0.0,0.0,0.0,0.0,0.0,0.0,0.0,0.0,0.0,lpc
1755488330,1755488332,0.0,0.0,0.0,0.0,0.0,0.0,0.0,0.0,0.0,0.0,lpc
1755488331,1755488333,0.0,0.0,0.0,0.0,0.0,0.0,0.0,0.0,0.0,0.0,lpc
1755488332,1755488334,0.0,0.0,0.0,0.0,0.0,0.0,0.0,0.0,0.0,0.0,lpc
1755488333,1755488335,0.0,0.0,0.0,0.0,0.0,0.0,0.0,0.0,0.0,0.0,lpc
1755488334,1755488336,0.0,0.0,0.0,0.0,0.0,0.0,0.0,0.0,0.0,0.0,lpc
1755488335,1755488337,0.0,0.0,0.0,0.0,0.0,0.0,0.0,0.0,0.0,0.0,lpc
1755488336,1755488338,0.0,0.0,0.0,0.0,0.0,0.0,0.0,0.0,0.0,0.0,lpc
1755488337,1755488339,0.0,0.0,0.0,0.0,0.0,0.0,0.0,0.0,0.0,0.0,lpc
1755488338,1755488340,0.0,0.0,0.0,0.0,0.0,0.0,0.0,0.0,0.0,0.0,lpc
1755488339,1755488341,0.0,0.0,0.0,0.0,0.0,0.0,0.0,0.0,0.0,0.0,lpc
1755488340,1755488342,0.0,0.0,0.0,0.0,0.0,0.0,0.0,0.0,0.0,0.0,lpc
1755488341,1755488343,0.0,0.0,0.0,0.0,0.0,0.0,0.0,0.0,0.0,0.0,lpc
1755488342,1755488344,0.0,0.0,0.0,0.0,0.0,0.0,0.0,0.0,0.0,0.0,lpc
1755488343,1755488345,0.0,0.0,0.0,0.0,0.0,0.0,0.0,0.0,0.0,0.0,lpc
1755488344,1755488346,0.0,0.0,0.0,0.0,0.0,0.0,0.0,0.0,0.0,0.0,lpc
1755488345,1755488347,0.0,0.0,0.0,0.0,0.0,0.0,0.0,0.0,0.0,0.0,lpc
1755488346,1755488348,0.0,0.0,0.0,0.0,0.0,0.0,0.0,0.0,0.0,0.0,lpc
1755488347,1755488349,0.0,0.0,0.0,0.0,0.0,0.0,0.0,0.0,0.0,0.0,lpc
1755488348,1755488350,0.0,0.0,0.0,0.0,0.0,0.0,0.0,0.0,0.0,0.0,lpc
1755488349,1755488351,0.0,0.0,0.0,0.0,0.0,0.0,0.0,0.0,0.0,0.0,lpc
1755488350,1755488352,0.0,0.0,0.0,0.0,0.0,0.0,0.0,0.0,0.0,0.0,lpc
1755488351,1755488353,0.0,0.0,0.0,0.0,0.0,0.0,0.0,0.0,0.0,0.0,lpc
1755488352,1755488354,0.0,0.0,0.0,0.0,0.0,0.0,0.0,0.0,0.0,0.0,lpc
1755488353,1755488355,0.0,0.0,0.0,0.0,0.0,0.0,0.0,0.0,0.0,0.0,lpc
1755488354,1755488356,0.0,0.0,0.0,0.0,0.0,0.0,0.0,0.0,0.0,0.0,lpc
1755488355,1755488357,0.0,0.0,0.0,0.0,0.0,0.0,0.0,0.0,0.0,0.0,lpc
1755488356,1755488358,0.0,0.0,0.0,0.0,0.0,0.0,0.0,0.0,0.0,0.0,lpc
1755488357,1755488359,0.0,0.0,0.0,0.0,0.0,0.0,0.0,0.0,0.0,0.0,lpc
1755488358,1755488360,0.0,0.0,0.0,0.0,0.0,0.0,0.0,0.0,0.0,0.0,lpc
1755488359,1755488361,0.0,0.0,0.0,0.0,0.0,0.0,0.0,0.0,0.0,0.0,lpc
1755488360,1755488362,0.0,0.0,0.0,0.0,0.0,0.0,0.0,0.0,0.0,0.0,lpc
1755488361,1755488363,0.0,0.0,0.0,0.0,0.0,0.0,0.0,0.0,0.0,0.0,lpc
1755488362,1755488364,0.0,0.0,0.0,0.0,0.0,0.0,0.0,0.0,0.0,0.0,lpc
1755488363,1755488365,0.0,0.0,0.0,0.0,0.0,0.0,0.0,0.0,0.0,0.0,lpc
1755488364,1755488366,0.0,0.0,0.0,0.0,0.0,0.0,0.0,0.0,0.0,0.0,lpc
1755488365,1755488367,0.0,0.0,0.0,0.0,0.0,0.0,0.0,0.0,0.0,0.0,lpc
1755488366,1755488368,0.0,0.0,0.0,0.0,0.0,0.0,0.0,0.0,0.0,0.0,lpc
1755488367,1755488369,0.0,0.0,0.0,0.0,0.0,0.0,0.0,0.0,0.0,0.0,lpc
1755488368,1755488370,0.0,0.0,0.0,0.0,0.0,0.0,0.0,0.0,0.0,0.0,lpc
1755488369,1755488371,0.0,0.0,0.0,0.0,0.0,0.0,0.0,0.0,0.0,0.0,lpc
1755488370,1755488372,0.0,0.0,0.0,0.0,0.0,0.0,0.0,0.0,0.0,0.0,lpc
1755488371,1755488373,0.0,0.0,0.0,0.0,0.0,0.0,0.0,0.0,0.0,0.0,lpc
1755488372,1755488374,0.0,0.0,0.0,0.0,0.0,0.0,0.0,0.0,0.0,0.0,lpc
1755488373,1755488375,0.0,0.0,0.0,0.0,0.0,0.0,0.0,0.0,0.0,0.0,lpc
1755488374,1755488376,0.0,0.0,0.0,0.0,0.0,0.0,0.0,0.0,0.0,0.0,lpc
1755488375,1755488377,0.0,0.0,0.0,0.0,0.0,0.0,0.0,0.0,0.0,0.0,lpc
1755488376,1755488378,0.0,0.0,0.0,0.0,0.0,0.0,0.0,0.0,0.0,0.0,lpc
1755488377,1755488379,0.0,0.0,0.0,0.0,0.0,0.0,0.0,0.0,0.0,0.0,lpc
1755488378,1755488380,0.0,0.0,0.0,0.0,0.0,0.0,0.0,0.0,0.0,0.0,lpc
1755488379,1755488381,0.0,0.0,0.0,0.0,0.0,0.0,0.0,0.0,0.0,0.0,lpc
1755488380,1755488382,0.0,0.0,0.0,0.0,0.0,0.0,0.0,0.0,0.0,0.0,lpc
1755488381,1755488383,0.0,0.0,0.0,0.0,0.0,0.0,0.0,0.0,0.0,0.0,lpc
1755488382,1755488384,0.0,0.0,0.0,0.0,0.0,0.0,0.0,0.0,0.0,0.0,lpc
1755488383,1755488385,0.0,0.0,0.0,0.0,0.0,0.0,0.0,0.0,0.0,0.0,lpc
1755488384,1755488386,0.0,0.0,0.0,0.0,0.0,0.0,0.0,0.0,0.0,0.0,lpc
1755488385,1755488387,0.0,0.0,0.0,0.0,0.0,0.0,0.0,0.0,0.0,0.0,lpc
1755488386,1755488388,0.0,0.0,0.0,0.0,0.0,0.0,0.0,0.0,0.0,0.0,lpc
1755488387,1755488389,0.0,0.0,0.0,0.0,0.0,0.0,0.0,0.0,0.0,0.0,lpc
1755488388,1755488390,0.0,0.0,0.0,0.0,0.0,0.0,0.0,0.0,0.0,0.0,lpc
1755488389,1755488391,0.0,0.0,0.0,0.0,0.0,0.0,0.0,0.0,0.0,0.0,lpc
1755488390,1755488392,0.0,0.0,0.0,0.0,0.0,0.0,0.0,0.0,0.0,0.0,lpc
1755488391,1755488393,0.0,0.0,0.0,0.0,0.0,0.0,0.0,0.0,0.0,0.0,lpc
1755488392,1755488394,0.0,0.0,0.0,0.0,0.0,0.0,0.0,0.0,0.0,0.0,lpc
1755488393,1755488395,0.0,0.0,0.0,0.0,0.0,0.0,0.0,0.0,0.0,0.0,lpc
1755488394,1755488396,0.0,0.0,0.0,0.0,0.0,0.0,0.0,0.0,0.0,0.0,lpc
1755488395,1755488397,0.0,0.0,0.0,0.0,0.0,0.0,0.0,0.0,0.0,0.0,lpc
1755488396,1755488398,0.0,0.0,0.0,0.0,0.0,0.0,0.0,0.0,0.0,0.0,lpc
1755488397,1755488399,0.0,0.0,0.0,0.0,0.0,0.0,0.0,0.0,0.0,0.0,lpc
1755488398,1755488400,0.0,0.0,0.0,0.0,0.0,0.0,0.0,0.0,0.0,0.0,lpc
1755488399,1755488401,0.0,0.0,0.0,0.0,0.0,0.0,0.0,0.0,0.0,0.0,lpc
1755488400,1755488402,0.0,0.0,0.0,0.0,0.0,0.0,0.0,0.0,0.0,0.0,lpc
1755488401,1755488403,0.0,0.0,0.0,0.0,0.0,0.0,0.0,0.0,0.0,0.0,lpc
1755488402,1755488404,0.0,0.0,0.0,0.0,0.0,0.0,0.0,0.0,0.0,0.0,lpc
1755488403,1755488405,0.0,0.0,0.0,0.0,0.0,0.0,0.0,0.0,0.0,0.0,lpc
1755488404,1755488406,0.0,0.0,0.0,0.0,0.0,0.0,0.0,0.0,0.0,0.0,lpc
1755488405,1755488407,0.0,0.0,0.0,0.0,0.0,0.0,0.0,0.0,0.0,0.0,lpc
1755488406,1755488408,0.0,0.0,0.0,0.0,0.0,0.0,0.0,0.0,0.0,0.0,lpc
1755488407,1755488409,0.0,0.0,0.0,0.0,0.0,0.0,0.0,0.0,0.0,0.0,lpc
1755488408,1755488410,0.0,0.0,0.0,0.0,0.0,0.0,0.0,0.0,0.0,0.0,lpc
1755488409,1755488411,0.0,0.0,0.0,0.0,0.0,0.0,0.0,0.0,0.0,0.0,lpc
1755488410,1755488412,0.0,0.0,0.0,0.0,0.0,0.0,0.0,0.0,0.0,0.0,lpc
1755488411,1755488413,0.0,0.0,0.0,0.0,0.0,0.0,0.0,0.0,0.0,0.0,lpc
1755488412,1755488414,0.0,0.0,0.0,0.0,0.0,0.0,0.0,0.0,0.0,0.0,lpc
1755488413,1755488415,0.0,0.0,0.0,0.0,0.0,0.0,0.0,0.0,0.0,0.0,lpc
1755488414,1755488416,0.0,0.0,0.0,0.0,0.0,0.0,0.0,0.0,0.0,0.0,lpc
1755488415,1755488417,0.0,0.0,0.0,0.0,0.0,0.0,0.0,0.0,0.0,0.0,lpc
1755488416,1755488418,0.0,0.0,0.0,0.0,0.0,0.0,0.0,0.0,0.0,0.0,lpc
1755488417,1755488419,0.0,0.0,0.0,0.0,0.0,0.0,0.0,0.0,0.0,0.0,lpc
1755488418,1755488420,0.0,0.0,0.0,0.0,0.0,0.0,0.0,0.0,0.0,0.0,lpc
1755488419,1755488421,0.0,0.0,0.0,0.0,0.0,0.0,0.0,0.0,0.0,0.0,lpc
1755488420,1755488422,0.0,0.0,0.0,0.0,0.0,0.0,0.0,0.0,0.0,0.0,lpc
1755488421,1755488423,0.0,0.0,0.0,0.0,0.0,0.0,0.0,0.0,0.0,0.0,lpc
1755488422,1755488424,0.0,0.0,0.0,0.0,0.0,0.0,0.0,0.0,0.0,0.0,lpc
1755488423,1755488425,0.0,0.0,0.0,0.0,0.0,0.0,0.0,0.0,0.0,0.0,lpc
1755488424,1755488426,0.0,0.0,0.0,0.0,0.0,0.0,0.0,0.0,0.0,0.0,lpc
1755488425,1755488427,0.0,0.0,0.0,0.0,0.0,0.0,0.0,0.0,0.0,0.0,lpc
1755488426,1755488428,0.0,0.0,0.0,0.0,0.0,0.0,0.0,0.0,0.0,0.0,lpc
1755488427,1755488429,0.0,0.0,0.0,0.0,0.0,0.0,0.0,0.0,0.0,0.0,lpc
1755488428,1755488430,0.0,0.0,0.0,0.0,0.0,0.0,0.0,0.0,0.0,0.0,lpc
1755488429,1755488431,0.0,0.0,0.0,0.0,0.0,0.0,0.0,0.0,0.0,0.0,lpc
1755488430,1755488432,0.0,0.0,0.0,0.0,0.0,0.0,0.0,0.0,0.0,0.0,lpc
1755488431,1755488433,0.0,0.0,0.0,0.0,0.0,0.0,0.0,0.0,0.0,0.0,lpc
1755488432,1755488434,0.0,0.0,0.0,0.0,0.0,0.0,0.0,0.0,0.0,0.0,lpc
1755488433,1755488435,0.0,0.0,0.0,0.0,0.0,0.0,0.0,0.0,0.0,0.0,lpc
1755488434,1755488436,0.0,0.0,0.0,0.0,0.0,0.0,0.0,0.0,0.0,0.0,lpc
1755488435,1755488437,0.0,0.0,0.0,0.0,0.0,0.0,0.0,0.0,0.0,0.0,lpc
1755488436,1755488438,0.0,0.0,0.0,0.0,0.0,0.0,0.0,0.0,0.0,0.0,lpc
1755488437,1755488439,0.0,0.0,0.0,0.0,0.0,0.0,0.0,0.0,0.0,0.0,lpc
1755488438,1755488440,0.0,0.0,0.0,0.0,0.0,0.0,0.0,0.0,0.0,0.0,lpc
1755488439,1755488441,0.0,0.0,0.0,0.0,0.0,0.0,0.0,0.0,0.0,0.0,lpc
1755488440,1755488442,0.0,0.0,0.0,0.0,0.0,0.0,0.0,0.0,0.0,0.0,lpc
1755488441,1755488443,0.0,0.0,0.0,0.0,0.0,0.0,0.0,0.0,0.0,0.0,lpc
1755488442,1755488444,0.0,0.0,0.0,0.0,0.0,0.0,0.0,0.0,0.0,0.0,lpc
1755488443,1755488445,0.0,0.0,0.0,0.0,0.0,0.0,0.0,0.0,0.0,0.0,lpc
1755488444,1755488446,0.0,0.0,0.0,0.0,0.0,0.0,0.0,0.0,0.0,0.0,lpc
1755488445,1755488447,0.0,0.0,0.0,0.0,0.0,0.0,0.0,0.0,0.0,0.0,lpc
1755488446,1755488448,0.0,0.0,0.0,0.0,0.0,0.0,0.0,0.0,0.0,0.0,lpc
1755488447,1755488449,0.0,0.0,0.0,0.0,0.0,0.0,0.0,0.0,0.0,0.0,lpc
1755488448,1755488450,0.0,0.0,0.0,0.0,0.0,0.0,0.0,0.0,0.0,0.0,lpc
1755488449,1755488451,0.0,0.0,0.0,0.0,0.0,0.0,0.0,0.0,0.0,0.0,lpc
1755488450,1755488452,0.0,0.0,0.0,0.0,0.0,0.0,0.0,0.0,0.0,0.0,lpc
1755488451,1755488453,0.0,0.0,0.0,0.0,0.0,0.0,0.0,0.0,0.0,0.0,lpc
1755488452,1755488454,0.0,0.0,0.0,0.0,0.0,0.0,0.0,0.0,0.0,0.0,lpc
1755488453,1755488455,0.0,0.0,0.0,0.0,0.0,0.0,0.0,0.0,0.0,0.0,lpc
1755488454,1755488456,0.0,0.0,0.0,0.0,0.0,0.0,0.0,0.0,0.0,0.0,lpc
1755488455,1755488457,0.0,0.0,0.0,0.0,0.0,0.0,0.0,0.0,0.0,0.0,lpc
1755488456,1755488458,0.0,0.0,0.0,0.0,0.0,0.0,0.0,0.0,0.0,0.0,lpc
1755488457,1755488459,0.0,0.0,0.0,0.0,0.0,0.0,0.0,0.0,0.0,0.0,lpc
1755488458,1755488460,0.0,0.0,0.0,0.0,0.0,0.0,0.0,0.0,0.0,0.0,lpc
1755488459,1755488461,0.0,0.0,0.0,0.0,0.0,0.0,0.0,0.0,0.0,0.0,lpc
1755488460,1755488462,0.0,0.0,0.0,0.0,0.0,0.0,0.0,0.0,0.0,0.0,lpc
1755488461,1755488463,0.0,0.0,0.0,0.0,0.0,0.0,0.0,0.0,0.0,0.0,lpc
1755488462,1755488464,0.0,0.0,0.0,0.0,0.0,0.0,0.0,0.0,0.0,0.0,lpc
1755488463,1755488465,0.0,0.0,0.0,0.0,0.0,0.0,0.0,0.0,0.0,0.0,lpc
1755488464,1755488466,0.0,0.0,0.0,0.0,0.0,0.0,0.0,0.0,0.0,0.0,lpc
1755488465,1755488467,0.0,0.0,0.0,0.0,0.0,0.0,0.0,0.0,0.0,0.0,lpc
1755488466,1755488468,0.0,0.0,0.0,0.0,0.0,0.0,0.0,0.0,0.0,0.0,lpc
1755488467,1755488469,0.0,0.0,0.0,0.0,0.0,0.0,0.0,0.0,0.0,0.0,lpc
1755488468,1755488470,0.0,0.0,0.0,0.0,0.0,0.0,0.0,0.0,0.0,0.0,lpc
1755488469,1755488471,0.0,0.0,0.0,0.0,0.0,0.0,0.0,0.0,0.0,0.0,lpc
1755488470,1755488472,0.0,0.0,0.0,0.0,0.0,0.0,0.0,0.0,0.0,0.0,lpc
1755488471,1755488473,0.0,0.0,0.0,0.0,0.0,0.0,0.0,0.0,0.0,0.0,lpc
1755488472,1755488474,0.0,0.0,0.0,0.0,0.0,0.0,0.0,0.0,0.0,0.0,lpc
1755488473,1755488475,0.0,0.0,0.0,0.0,0.0,0.0,0.0,0.0,0.0,0.0,lpc
1755488474,1755488476,0.0,0.0,0.0,0.0,0.0,0.0,0.0,0.0,0.0,0.0,lpc
1755488475,1755488477,0.0,0.0,0.0,0.0,0.0,0.0,0.0,0.0,0.0,0.0,lpc
1755488476,1755488478,0.0,0.0,0.0,0.0,0.0,0.0,0.0,0.0,0.0,0.0,lpc
1755488477,1755488479,0.0,0.0,0.0,0.0,0.0,0.0,0.0,0.0,0.0,0.0,lpc
1755488478,1755488480,0.0,0.0,0.0,0.0,0.0,0.0,0.0,0.0,0.0,0.0,lpc
1755488479,1755488481,0.0,0.0,0.0,0.0,0.0,0.0,0.0,0.0,0.0,0.0,lpc
1755488480,1755488482,0.0,0.0,0.0,0.0,0.0,0.0,0.0,0.0,0.0,0.0,lpc
1755488481,1755488483,0.0,0.0,0.0,0.0,0.0,0.0,0.0,0.0,0.0,0.0,lpc
1755488482,1755488484,0.0,0.0,0.0,0.0,0.0,0.0,0.0,0.0,0.0,0.0,lpc
1755488483,1755488485,0.0,0.0,0.0,0.0,0.0,0.0,0.0,0.0,0.0,0.0,lpc
1755488484,1755488486,0.0,0.0,0.0,0.0,0.0,0.0,0.0,0.0,0.0,0.0,lpc
1755488485,1755488487,0.0,0.0,0.0,0.0,0.0,0.0,0.0,0.0,0.0,0.0,lpc
1755488486,1755488488,0.0,0.0,0.0,0.0,0.0,0.0,0.0,0.0,0.0,0.0,lpc
1755488487,1755488489,0.0,0.0,0.0,0.0,0.0,0.0,0.0,0.0,0.0,0.0,lpc
1755488488,1755488490,0.0,0.0,0.0,0.0,0.0,0.0,0.0,0.0,0.0,0.0,lpc
1755488489,1755488491,0.0,0.0,0.0,0.0,0.0,0.0,0.0,0.0,0.0,0.0,lpc
1755488490,1755488492,0.0,0.0,0.0,0.0,0.0,0.0,0.0,0.0,0.0,0.0,lpc
1755488491,1755488493,0.0,0.0,0.0,0.0,0.0,0.0,0.0,0.0,0.0,0.0,lpc
1755488492,1755488494,0.0,0.0,0.0,0.0,0.0,0.0,0.0,0.0,0.0,0.0,lpc
1755488493,1755488495,0.0,0.0,0.0,0.0,0.0,0.0,0.0,0.0,0.0,0.0,lpc
1755488494,1755488496,0.0,0.0,0.0,0.0,0.0,0.0,0.0,0.0,0.0,0.0,lpc
1755488495,1755488497,0.0,0.0,0.0,0.0,0.0,0.0,0.0,0.0,0.0,0.0,lpc
1755488496,1755488498,0.0,0.0,0.0,0.0,0.0,0.0,0.0,0.0,0.0,0.0,lpc
1755488497,1755488499,0.0,0.0,0.0,0.0,0.0,0.0,0.0,0.0,0.0,0.0,lpc
1755488498,1755488500,0.0,0.0,0.0,0.0,0.0,0.0,0.0,0.0,0.0,0.0,lpc
1755488499,1755488501,0.0,0.0,0.0,0.0,0.0,0.0,0.0,0.0,0.0,0.0,lpc
1755488500,1755488502,0.0,0.0,0.0,0.0,0.0,0.0,0.0,0.0,0.0,0.0,lpc
1755488501,1755488503,0.0,0.0,0.0,0.0,0.0,0.0,0.0,0.0,0.0,0.0,lpc
1755488502,1755488504,0.0,0.0,0.0,0.0,0.0,0.0,0.0,0.0,0.0,0.0,lpc
1755488503,1755488505,0.0,0.0,0.0,0.0,0.0,0.0,0.0,0.0,0.0,0.0,lpc
1755488504,1755488506,0.0,0.0,0.0,0.0,0.0,0.0,0.0,0.0,0.0,0.0,lpc
1755488505,1755488507,0.0,0.0,0.0,0.0,0.0,0.0,0.0,0.0,0.0,0.0,lpc
1755488506,1755488508,0.0,0.0,0.0,0.0,0.0,0.0,0.0,0.0,0.0,0.0,lpc
1755488507,1755488509,0.0,0.0,0.0,0.0,0.0,0.0,0.0,0.0,0.0,0.0,lpc
1755488508,1755488510,0.0,0.0,0.0,0.0,0.0,0.0,0.0,0.0,0.0,0.0,lpc
1755488509,1755488511,0.0,0.0,0.0,0.0,0.0,0.0,0.0,0.0,0.0,0.0,lpc
1755488510,1755488512,0.0,0.0,0.0,0.0,0.0,0.0,0.0,0.0,0.0,0.0,lpc
1755488511,1755488513,0.0,0.0,0.0,0.0,0.0,0.0,0.0,0.0,0.0,0.0,lpc
1755488512,1755488514,0.0,0.0,0.0,0.0,0.0,0.0,0.0,0.0,0.0,0.0,lpc
1755488513,1755488515,0.0,0.0,0.0,0.0,0.0,0.0,0.0,0.0,0.0,0.0,lpc
1755488514,1755488516,0.0,0.0,0.0,0.0,0.0,0.0,0.0,0.0,0.0,0.0,lpc
1755488515,1755488517,0.0,0.0,0.0,0.0,0.0,0.0,0.0,0.0,0.0,0.0,lpc
1755488516,1755488518,0.0,0.0,0.0,0.0,0.0,0.0,0.0,0.0,0.0,0.0,lpc
1755488517,1755488519,0.0,0.0,0.0,0.0,0.0,0.0,0.0,0.0,0.0,0.0,lpc
1755488518,1755488520,0.0,0.0,0.0,0.0,0.0,0.0,0.0,0.0,0.0,0.0,lpc
1755488519,1755488521,0.0,0.0,0.0,0.0,0.0,0.0,0.0,0.0,0.0,0.0,lpc
1755488520,1755488522,0.0,0.0,0.0,0.0,0.0,0.0,0.0,0.0,0.0,0.0,lpc
1755488521,1755488523,0.0,0.0,0.0,0.0,0.0,0.0,0.0,0.0,0.0,0.0,lpc
1755488522,1755488524,0.0,0.0,0.0,0.0,0.0,0.0,0.0,0.0,0.0,0.0,lpc
1755488523,1755488525,0.0,0.0,0.0,0.0,0.0,0.0,0.0,0.0,0.0,0.0,lpc
1755488524,1755488526,0.0,0.0,0.0,0.0,0.0,0.0,0.0,0.0,0.0,0.0,lpc
1755488525,1755488527,0.0,0.0,0.0,0.0,0.0,0.0,0.0,0.0,0.0,0.0,lpc
1755488526,1755488528,0.0,0.0,0.0,0.0,0.0,0.0,0.0,0.0,0.0,0.0,lpc
1755488527,1755488529,0.0,0.0,0.0,0.0,0.0,0.0,0.0,0.0,0.0,0.0,lpc
1755488528,1755488530,0.0,0.0,0.0,0.0,0.0,0.0,0.0,0.0,0.0,0.0,lpc
1755488529,1755488531,0.0,0.0,0.0,0.0,0.0,0.0,0.0,0.0,0.0,0.0,lpc
1755488530,1755488532,0.0,0.0,0.0,0.0,0.0,0.0,0.0,0.0,0.0,0.0,lpc
1755488531,1755488533,0.0,0.0,0.0,0.0,0.0,0.0,0.0,0.0,0.0,0.0,lpc
1755488532,1755488534,0.0,0.0,0.0,0.0,0.0,0.0,0.0,0.0,0.0,0.0,lpc
1755488533,1755488535,0.0,0.0,0.0,0.0,0.0,0.0,0.0,0.0,0.0,0.0,lpc
1755488534,1755488536,0.0,0.0,0.0,0.0,0.0,0.0,0.0,0.0,0.0,0.0,lpc
1755488535,1755488537,0.0,0.0,0.0,0.0,0.0,0.0,0.0,0.0,0.0,0.0,lpc
1755488536,1755488538,0.0,0.0,0.0,0.0,0.0,0.0,0.0,0.0,0.0,0.0,lpc
1755488537,1755488539,0.0,0.0,0.0,0.0,0.0,0.0,0.0,0.0,0.0,0.0,lpc
1755488538,1755488540,0.0,0.0,0.0,0.0,0.0,0.0,0.0,0.0,0.0,0.0,lpc
1755488539,1755488541,0.0,0.0,0.0,0.0,0.0,0.0,0.0,0.0,0.0,0.0,lpc
1755488540,1755488542,0.0,0.0,0.0,0.0,0.0,0.0,0.0,0.0,0.0,0.0,lpc
1755488541,1755488543,0.0,0.0,0.0,0.0,0.0,0.0,0.0,0.0,0.0,0.0,lpc
1755488542,1755488544,0.0,0.0,0.0,0.0,0.0,0.0,0.0,0.0,0.0,0.0,lpc
1755488543,1755488545,0.0,0.0,0.0,0.0,0.0,0.0,0.0,0.0,0.0,0.0,lpc
1755488544,1755488546,0.0,0.0,0.0,0.0,0.0,0.0,0.0,0.0,0.0,0.0,lpc
1755488545,1755488547,0.0,0.0,0.0,0.0,0.0,0.0,0.0,0.0,0.0,0.0,lpc
1755488546,1755488548,0.0,0.0,0.0,0.0,0.0,0.0,0.0,0.0,0.0,0.0,lpc
1755488547,1755488549,0.0,0.0,0.0,0.0,0.0,0.0,0.0,0.0,0.0,0.0,lpc
1755488548,1755488550,0.0,0.0,0.0,0.0,0.0,0.0,0.0,0.0,0.0,0.0,lpc
1755488549,1755488551,0.0,0.0,0.0,0.0,0.0,0.0,0.0,0.0,0.0,0.0,lpc
1755488550,1755488552,0.0,0.0,0.0,0.0,0.0,0.0,0.0,0.0,0.0,0.0,lpc
1755488551,1755488553,0.0,0.0,0.0,0.0,0.0,0.0,0.0,0.0,0.0,0.0,lpc
1755488552,1755488554,0.0,0.0,0.0,0.0,0.0,0.0,0.0,0.0,0.0,0.0,lpc
1755488553,1755488555,0.0,0.0,0.0,0.0,0.0,0.0,0.0,0.0,0.0,0.0,lpc
1755488554,1755488556,0.0,0.0,0.0,0.0,0.0,0.0,0.0,0.0,0.0,0.0,lpc
1755488555,1755488557,0.0,0.0,0.0,0.0,0.0,0.0,0.0,0.0,0.0,0.0,lpc
1755488556,1755488558,0.0,0.0,0.0,0.0,0.0,0.0,0.0,0.0,0.0,0.0,lpc
1755488557,1755488559,0.0,0.0,0.0,0.0,0.0,0.0,0.0,0.0,0.0,0.0,lpc
1755488558,1755488560,0.0,0.0,0.0,0.0,0.0,0.0,0.0,0.0,0.0,0.0,lpc
1755488559,1755488561,0.0,0.0,0.0,0.0,0.0,0.0,0.0,0.0,0.0,0.0,lpc
1755488560,1755488562,0.0,0.0,0.0,0.0,0.0,0.0,0.0,0.0,0.0,0.0,lpc
1755488561,1755488563,0.0,0.0,0.0,0.0,0.0,0.0,0.0,0.0,0.0,0.0,lpc
1755488562,1755488564,0.0,0.0,0.0,0.0,0.0,0.0,0.0,0.0,0.0,0.0,lpc
1755488563,1755488565,0.0,0.0,0.0,0.0,0.0,0.0,0.0,0.0,0.0,0.0,lpc
1755488564,1755488566,0.0,0.0,0.0,0.0,0.0,0.0,0.0,0.0,0.0,0.0,lpc
1755488565,1755488567,0.0,0.0,0.0,0.0,0.0,0.0,0.0,0.0,0.0,0.0,lpc
1755488566,1755488568,0.0,0.0,0.0,0.0,0.0,0.0,0.0,0.0,0.0,0.0,lpc
1755488567,1755488569,0.0,0.0,0.0,0.0,0.0,0.0,0.0,0.0,0.0,0.0,lpc
1755488568,1755488570,0.0,0.0,0.0,0.0,0.0,0.0,0.0,0.0,0.0,0.0,lpc
1755488569,1755488571,0.0,0.0,0.0,0.0,0.0,0.0,0.0,0.0,0.0,0.0,lpc
1755488570,1755488572,0.0,0.0,0.0,0.0,0.0,0.0,0.0,0.0,0.0,0.0,lpc
1755488571,1755488573,0.0,0.0,0.0,0.0,0.0,0.0,0.0,0.0,0.0,0.0,lpc
1755488572,1755488574,0.0,0.0,0.0,0.0,0.0,0.0,0.0,0.0,0.0,0.0,lpc
1755488573,1755488575,0.0,0.0,0.0,0.0,0.0,0.0,0.0,0.0,0.0,0.0,lpc
1755488574,1755488576,0.0,0.0,0.0,0.0,0.0,0.0,0.0,0.0,0.0,0.0,lpc
1755488575,1755488577,0.0,0.0,0.0,0.0,0.0,0.0,0.0,0.0,0.0,0.0,lpc
1755488576,1755488578,0.0,0.0,0.0,0.0,0.0,0.0,0.0,0.0,0.0,0.0,lpc
1755488577,1755488579,0.0,0.0,0.0,0.0,0.0,0.0,0.0,0.0,0.0,0.0,lpc
1755488578,1755488580,0.0,0.0,0.0,0.0,0.0,0.0,0.0,0.0,0.0,0.0,lpc
1755488579,1755488581,0.0,0.0,0.0,0.0,0.0,0.0,0.0,0.0,0.0,0.0,lpc
1755488580,1755488582,0.0,0.0,0.0,0.0,0.0,0.0,0.0,0.0,0.0,0.0,lpc
1755488581,1755488583,0.0,0.0,0.0,0.0,0.0,0.0,0.0,0.0,0.0,0.0,lpc
1755488582,1755488584,0.0,0.0,0.0,0.0,0.0,0.0,0.0,0.0,0.0,0.0,lpc
1755488583,1755488585,0.0,0.0,0.0,0.0,0.0,0.0,0.0,0.0,0.0,0.0,lpc
1755488584,1755488586,0.0,0.0,0.0,0.0,0.0,0.0,0.0,0.0,0.0,0.0,lpc
1755488585,1755488587,0.0,0.0,0.0,0.0,0.0,0.0,0.0,0.0,0.0,0.0,lpc
1755488586,1755488588,0.0,0.0,0.0,0.0,0.0,0.0,0.0,0.0,0.0,0.0,lpc
1755488587,1755488589,0.0,0.0,0.0,0.0,0.0,0.0,0.0,0.0,0.0,0.0,lpc
1755488588,1755488590,0.0,0.0,0.0,0.0,0.0,0.0,0.0,0.0,0.0,0.0,lpc
1755488589,1755488591,0.0,0.0,0.0,0.0,0.0,0.0,0.0,0.0,0.0,0.0,lpc
1755488590,1755488592,0.0,0.0,0.0,0.0,0.0,0.0,0.0,0.0,0.0,0.0,lpc
1755488591,1755488593,0.0,0.0,0.0,0.0,0.0,0.0,0.0,0.0,0.0,0.0,lpc
1755488592,1755488594,0.0,0.0,0.0,0.0,0.0,0.0,0.0,0.0,0.0,0.0,lpc
1755488593,1755488595,0.0,0.0,0.0,0.0,0.0,0.0,0.0,0.0,0.0,0.0,lpc
1755488594,1755488596,0.0,0.0,0.0,0.0,0.0,0.0,0.0,0.0,0.0,0.0,lpc
1755488595,1755488597,0.0,0.0,0.0,0.0,0.0,0.0,0.0,0.0,0.0,0.0,lpc
1755488596,1755488598,0.0,0.0,0.0,0.0,0.0,0.0,0.0,0.0,0.0,0.0,lpc
1755488597,1755488599,0.0,0.0,0.0,0.0,0.0,0.0,0.0,0.0,0.0,0.0,lpc
1755488598,1755488600,0.0,0.0,0.0,0.0,0.0,0.0,0.0,0.0,0.0,0.0,lpc
1755488599,1755488601,0.0,0.0,0.0,0.0,0.0,0.0,0.0,0.0,0.0,0.0,lpc
1755488600,1755488602,0.0,0.0,0.0,0.0,0.0,0.0,0.0,0.0,0.0,0.0,lpc
1755488601,1755488603,0.0,0.0,0.0,0.0,0.0,0.0,0.0,0.0,0.0,0.0,lpc
1755488602,1755488604,0.0,0.0,0.0,0.0,0.0,0.0,0.0,0.0,0.0,0.0,lpc
1755488603,1755488605,0.0,0.0,0.0,0.0,0.0,0.0,0.0,0.0,0.0,0.0,lpc
1755488604,1755488606,0.0,0.0,0.0,0.0,0.0,0.0,0.0,0.0,0.0,0.0,lpc
1755488605,1755488607,0.0,0.0,0.0,0.0,0.0,0.0,0.0,0.0,0.0,0.0,lpc
1755488606,1755488608,0.0,0.0,0.0,0.0,0.0,0.0,0.0,0.0,0.0,0.0,lpc
1755488607,1755488609,0.0,0.0,0.0,0.0,0.0,0.0,0.0,0.0,0.0,0.0,lpc
1755488608,1755488610,0.0,0.0,0.0,0.0,0.0,0.0,0.0,0.0,0.0,0.0,lpc
1755488609,1755488611,0.0,0.0,0.0,0.0,0.0,0.0,0.0,0.0,0.0,0.0,lpc
1755488610,1755488612,0.0,0.0,0.0,0.0,0.0,0.0,0.0,0.0,0.0,0.0,lpc
1755488611,1755488613,0.0,0.0,0.0,0.0,0.0,0.0,0.0,0.0,0.0,0.0,lpc
1755488612,1755488614,0.0,0.0,0.0,0.0,0.0,0.0,0.0,0.0,0.0,0.0,lpc
1755488613,1755488615,0.0,0.0,0.0,0.0,0.0,0.0,0.0,0.0,0.0,0.0,lpc
1755488614,1755488616,0.0,0.0,0.0,0.0,0.0,0.0,0.0,0.0,0.0,0.0,lpc
1755488615,1755488617,0.0,0.0,0.0,0.0,0.0,0.0,0.0,0.0,0.0,0.0,lpc
1755488616,1755488618,0.0,0.0,0.0,0.0,0.0,0.0,0.0,0.0,0.0,0.0,lpc
1755488617,1755488619,0.0,0.0,0.0,0.0,0.0,0.0,0.0,0.0,0.0,0.0,lpc
1755488618,1755488620,0.0,0.0,0.0,0.0,0.0,0.0,0.0,0.0,0.0,0.0,lpc
1755488619,1755488621,0.0,0.0,0.0,0.0,0.0,0.0,0.0,0.0,0.0,0.0,lpc
1755488620,1755488622,0.0,0.0,0.0,0.0,0.0,0.0,0.0,0.0,0.0,0.0,lpc
1755488621,1755488623,0.0,0.0,0.0,0.0,0.0,0.0,0.0,0.0,0.0,0.0,lpc
1755488622,1755488624,0.0,0.0,0.0,0.0,0.0,0.0,0.0,0.0,0.0,0.0,lpc
1755488623,1755488625,0.0,0.0,0.0,0.0,0.0,0.0,0.0,0.0,0.0,0.0,lpc
1755488624,1755488626,0.0,0.0,0.0,0.0,0.0,0.0,0.0,0.0,0.0,0.0,lpc
1755488625,1755488627,0.0,0.0,0.0,0.0,0.0,0.0,0.0,0.0,0.0,0.0,lpc
1755488626,1755488628,0.0,0.0,0.0,0.0,0.0,0.0,0.0,0.0,0.0,0.0,lpc
1755488627,1755488629,0.0,0.0,0.0,0.0,0.0,0.0,0.0,0.0,0.0,0.0,lpc
1755488628,1755488630,0.0,0.0,0.0,0.0,0.0,0.0,0.0,0.0,0.0,0.0,lpc
1755488629,1755488631,0.0,0.0,0.0,0.0,0.0,0.0,0.0,0.0,0.0,0.0,lpc
1755488630,1755488632,0.0,0.0,0.0,0.0,0.0,0.0,0.0,0.0,0.0,0.0,lpc
1755488631,1755488633,0.0,0.0,0.0,0.0,0.0,0.0,0.0,0.0,0.0,0.0,lpc
1755488632,1755488634,0.0,0.0,0.0,0.0,0.0,0.0,0.0,0.0,0.0,0.0,lpc
1755488633,1755488635,0.0,0.0,0.0,0.0,0.0,0.0,0.0,0.0,0.0,0.0,lpc
1755488634,1755488636,0.0,0.0,0.0,0.0,0.0,0.0,0.0,0.0,0.0,0.0,lpc
1755488635,1755488637,0.0,0.0,0.0,0.0,0.0,0.0,0.0,0.0,0.0,0.0,lpc
1755488636,1755488638,0.0,0.0,0.0,0.0,0.0,0.0,0.0,0.0,0.0,0.0,lpc
1755488637,1755488639,0.0,0.0,0.0,0.0,0.0,0.0,0.0,0.0,0.0,0.0,lpc
1755488638,1755488640,0.0,0.0,0.0,0.0,0.0,0.0,0.0,0.0,0.0,0.0,lpc
1755488639,1755488641,0.0,0.0,0.0,0.0,0.0,0.0,0.0,0.0,0.0,0.0,lpc
1755488640,1755488642,0.0,0.0,0.0,0.0,0.0,0.0,0.0,0.0,0.0,0.0,lpc
1755488641,1755488643,0.0,0.0,0.0,0.0,0.0,0.0,0.0,0.0,0.0,0.0,lpc
1755488642,1755488644,0.0,0.0,0.0,0.0,0.0,0.0,0.0,0.0,0.0,0.0,lpc
1755488643,1755488645,0.0,0.0,0.0,0.0,0.0,0.0,0.0,0.0,0.0,0.0,lpc
1755488644,1755488646,0.0,0.0,0.0,0.0,0.0,0.0,0.0,0.0,0.0,0.0,lpc
1755488645,1755488647,0.0,0.0,0.0,0.0,0.0,0.0,0.0,0.0,0.0,0.0,lpc
1755488646,1755488648,0.0,0.0,0.0,0.0,0.0,0.0,0.0,0.0,0.0,0.0,lpc
1755488647,1755488649,0.0,0.0,0.0,0.0,0.0,0.0,0.0,0.0,0.0,0.0,lpc
1755488648,1755488650,0.0,0.0,0.0,0.0,0.0,0.0,0.0,0.0,0.0,0.0,lpc
1755488649,1755488651,0.0,0.0,0.0,0.0,0.0,0.0,0.0,0.0,0.0,0.0,lpc
1755488650,1755488652,0.0,0.0,0.0,0.0,0.0,0.0,0.0,0.0,0.0,0.0,lpc
1755488651,1755488653,0.0,0.0,0.0,0.0,0.0,0.0,0.0,0.0,0.0,0.0,lpc
1755488652,1755488654,0.0,0.0,0.0,0.0,0.0,0.0,0.0,0.0,0.0,0.0,lpc
1755488653,1755488655,0.0,0.0,0.0,0.0,0.0,0.0,0.0,0.0,0.0,0.0,lpc
1755488654,1755488656,0.0,0.0,0.0,0.0,0.0,0.0,0.0,0.0,0.0,0.0,lpc
1755488655,1755488657,0.0,0.0,0.0,0.0,0.0,0.0,0.0,0.0,0.0,0.0,lpc
1755488656,1755488658,0.0,0.0,0.0,0.0,0.0,0.0,0.0,0.0,0.0,0.0,lpc
1755488657,1755488659,0.0,0.0,0.0,0.0,0.0,0.0,0.0,0.0,0.0,0.0,lpc
1755488658,1755488660,0.0,0.0,0.0,0.0,0.0,0.0,0.0,0.0,0.0,0.0,lpc
1755488659,1755488661,0.0,0.0,0.0,0.0,0.0,0.0,0.0,0.0,0.0,0.0,lpc
1755488660,1755488662,0.0,0.0,0.0,0.0,0.0,0.0,0.0,0.0,0.0,0.0,lpc
1755488661,1755488663,0.0,0.0,0.0,0.0,0.0,0.0,0.0,0.0,0.0,0.0,lpc
1755488662,1755488664,0.0,0.0,0.0,0.0,0.0,0.0,0.0,0.0,0.0,0.0,lpc
1755488663,1755488665,0.0,0.0,0.0,0.0,0.0,0.0,0.0,0.0,0.0,0.0,lpc
1755488664,1755488666,0.0,0.0,0.0,0.0,0.0,0.0,0.0,0.0,0.0,0.0,lpc
1755488665,1755488667,0.0,0.0,0.0,0.0,0.0,0.0,0.0,0.0,0.0,0.0,lpc
1755488666,1755488668,0.0,0.0,0.0,0.0,0.0,0.0,0.0,0.0,0.0,0.0,lpc
1755488667,1755488669,0.0,0.0,0.0,0.0,0.0,0.0,0.0,0.0,0.0,0.0,lpc
1755488668,1755488670,0.0,0.0,0.0,0.0,0.0,0.0,0.0,0.0,0.0,0.0,lpc
1755488669,1755488671,0.0,0.0,0.0,0.0,0.0,0.0,0.0,0.0,0.0,0.0,lpc
1755488670,1755488672,0.0,0.0,0.0,0.0,0.0,0.0,0.0,0.0,0.0,0.0,lpc
1755488671,1755488673,0.0,0.0,0.0,0.0,0.0,0.0,0.0,0.0,0.0,0.0,lpc
1755488672,1755488674,0.0,0.0,0.0,0.0,0.0,0.0,0.0,0.0,0.0,0.0,lpc
1755488673,1755488675,0.0,0.0,0.0,0.0,0.0,0.0,0.0,0.0,0.0,0.0,lpc
1755488674,1755488676,0.0,0.0,0.0,0.0,0.0,0.0,0.0,0.0,0.0,0.0,lpc
1755488675,1755488677,0.0,0.0,0.0,0.0,0.0,0.0,0.0,0.0,0.0,0.0,lpc
1755488676,1755488678,0.0,0.0,0.0,0.0,0.0,0.0,0.0,0.0,0.0,0.0,lpc
1755488677,1755488679,0.0,0.0,0.0,0.0,0.0,0.0,0.0,0.0,0.0,0.0,lpc
1755488678,1755488680,0.0,0.0,0.0,0.0,0.0,0.0,0.0,0.0,0.0,0.0,lpc
1755488679,1755488681,0.0,0.0,0.0,0.0,0.0,0.0,0.0,0.0,0.0,0.0,lpc
1755488680,1755488682,0.0,0.0,0.0,0.0,0.0,0.0,0.0,0.0,0.0,0.0,lpc
1755488681,1755488683,0.0,0.0,0.0,0.0,0.0,0.0,0.0,0.0,0.0,0.0,lpc
1755488682,1755488684,0.0,0.0,0.0,0.0,0.0,0.0,0.0,0.0,0.0,0.0,lpc
1755488683,1755488685,0.0,0.0,0.0,0.0,0.0,0.0,0.0,0.0,0.0,0.0,lpc
1755488684,1755488686,0.0,0.0,0.0,0.0,0.0,0.0,0.0,0.0,0.0,0.0,lpc
1755488685,1755488687,0.0,0.0,0.0,0.0,0.0,0.0,0.0,0.0,0.0,0.0,lpc
1755488686,1755488688,0.0,0.0,0.0,0.0,0.0,0.0,0.0,0.0,0.0,0.0,lpc
1755488687,1755488689,0.0,0.0,0.0,0.0,0.0,0.0,0.0,0.0,0.0,0.0,lpc
1755488688,1755488690,0.0,0.0,0.0,0.0,0.0,0.0,0.0,0.0,0.0,0.0,lpc
1755488689,1755488691,0.0,0.0,0.0,0.0,0.0,0.0,0.0,0.0,0.0,0.0,lpc
1755488690,1755488692,0.0,0.0,0.0,0.0,0.0,0.0,0.0,0.0,0.0,0.0,lpc
1755488691,1755488693,0.0,0.0,0.0,0.0,0.0,0.0,0.0,0.0,0.0,0.0,lpc
1755488692,1755488694,0.0,0.0,0.0,0.0,0.0,0.0,0.0,0.0,0.0,0.0,lpc
1755488693,1755488695,0.0,0.0,0.0,0.0,0.0,0.0,0.0,0.0,0.0,0.0,lpc
1755488694,1755488696,0.0,0.0,0.0,0.0,0.0,0.0,0.0,0.0,0.0,0.0,lpc
1755488695,1755488697,0.0,0.0,0.0,0.0,0.0,0.0,0.0,0.0,0.0,0.0,lpc
1755488696,1755488698,0.0,0.0,0.0,0.0,0.0,0.0,0.0,0.0,0.0,0.0,lpc
1755488697,1755488699,0.0,0.0,0.0,0.0,0.0,0.0,0.0,0.0,0.0,0.0,lpc
1755488698,1755488700,0.0,0.0,0.0,0.0,0.0,0.0,0.0,0.0,0.0,0.0,lpc
1755488699,1755488701,0.0,0.0,0.0,0.0,0.0,0.0,0.0,0.0,0.0,0.0,lpc
1755488700,1755488702,0.0,0.0,0.0,0.0,0.0,0.0,0.0,0.0,0.0,0.0,lpc
1755488701,1755488703,0.0,0.0,0.0,0.0,0.0,0.0,0.0,0.0,0.0,0.0,lpc
1755488702,1755488704,0.0,0.0,0.0,0.0,0.0,0.0,0.0,0.0,0.0,0.0,lpc
1755488703,1755488705,0.0,0.0,0.0,0.0,0.0,0.0,0.0,0.0,0.0,0.0,lpc
1755488704,1755488706,0.0,0.0,0.0,0.0,0.0,0.0,0.0,0.0,0.0,0.0,lpc
1755488705,1755488707,0.0,0.0,0.0,0.0,0.0,0.0,0.0,0.0,0.0,0.0,lpc
1755488706,1755488708,0.0,0.0,0.0,0.0,0.0,0.0,0.0,0.0,0.0,0.0,lpc
1755488707,1755488709,0.0,0.0,0.0,0.0,0.0,0.0,0.0,0.0,0.0,0.0,lpc
1755488708,1755488710,0.0,0.0,0.0,0.0,0.0,0.0,0.0,0.0,0.0,0.0,lpc
1755488709,1755488711,0.0,0.0,0.0,0.0,0.0,0.0,0.0,0.0,0.0,0.0,lpc
1755488710,1755488712,0.0,0.0,0.0,0.0,0.0,0.0,0.0,0.0,0.0,0.0,lpc
1755488711,1755488713,0.0,0.0,0.0,0.0,0.0,0.0,0.0,0.0,0.0,0.0,lpc
1755488712,1755488714,0.0,0.0,0.0,0.0,0.0,0.0,0.0,0.0,0.0,0.0,lpc
1755488713,1755488715,0.0,0.0,0.0,0.0,0.0,0.0,0.0,0.0,0.0,0.0,lpc
1755488714,1755488716,0.0,0.0,0.0,0.0,0.0,0.0,0.0,0.0,0.0,0.0,lpc
1755488715,1755488717,0.0,0.0,0.0,0.0,0.0,0.0,0.0,0.0,0.0,0.0,lpc
1755488716,1755488718,0.0,0.0,0.0,0.0,0.0,0.0,0.0,0.0,0.0,0.0,lpc
1755488717,1755488719,0.0,0.0,0.0,0.0,0.0,0.0,0.0,0.0,0.0,0.0,lpc
1755488718,1755488720,0.0,0.0,0.0,0.0,0.0,0.0,0.0,0.0,0.0,0.0,lpc
1755488719,1755488721,0.0,0.0,0.0,0.0,0.0,0.0,0.0,0.0,0.0,0.0,lpc
1755488720,1755488722,0.0,0.0,0.0,0.0,0.0,0.0,0.0,0.0,0.0,0.0,lpc
1755488721,1755488723,0.0,0.0,0.0,0.0,0.0,0.0,0.0,0.0,0.0,0.0,lpc
1755488722,1755488724,0.0,0.0,0.0,0.0,0.0,0.0,0.0,0.0,0.0,0.0,lpc
1755488723,1755488725,0.0,0.0,0.0,0.0,0.0,0.0,0.0,0.0,0.0,0.0,lpc
1755488724,1755488726,0.0,0.0,0.0,0.0,0.0,0.0,0.0,0.0,0.0,0.0,lpc
1755488725,1755488727,0.0,0.0,0.0,0.0,0.0,0.0,0.0,0.0,0.0,0.0,lpc
1755488726,1755488728,0.0,0.0,0.0,0.0,0.0,0.0,0.0,0.0,0.0,0.0,lpc
1755488727,1755488729,0.0,0.0,0.0,0.0,0.0,0.0,0.0,0.0,0.0,0.0,lpc
1755488728,1755488730,0.0,0.0,0.0,0.0,0.0,0.0,0.0,0.0,0.0,0.0,lpc
1755488729,1755488731,0.0,0.0,0.0,0.0,0.0,0.0,0.0,0.0,0.0,0.0,lpc
1755488730,1755488732,0.0,0.0,0.0,0.0,0.0,0.0,0.0,0.0,0.0,0.0,lpc
1755488731,1755488733,0.0,0.0,0.0,0.0,0.0,0.0,0.0,0.0,0.0,0.0,lpc
1755488732,1755488734,0.0,0.0,0.0,0.0,0.0,0.0,0.0,0.0,0.0,0.0,lpc
1755488733,1755488735,0.0,0.0,0.0,0.0,0.0,0.0,0.0,0.0,0.0,0.0,lpc
1755488734,1755488736,0.0,0.0,0.0,0.0,0.0,0.0,0.0,0.0,0.0,0.0,lpc
1755488735,1755488737,0.0,0.0,0.0,0.0,0.0,0.0,0.0,0.0,0.0,0.0,lpc
1755488736,1755488738,0.0,0.0,0.0,0.0,0.0,0.0,0.0,0.0,0.0,0.0,lpc
1755488737,1755488739,0.0,0.0,0.0,0.0,0.0,0.0,0.0,0.0,0.0,0.0,lpc
1755488738,1755488740,0.0,0.0,0.0,0.0,0.0,0.0,0.0,0.0,0.0,0.0,lpc
1755488739,1755488741,0.0,0.0,0.0,0.0,0.0,0.0,0.0,0.0,0.0,0.0,lpc
1755488740,1755488742,0.0,0.0,0.0,0.0,0.0,0.0,0.0,0.0,0.0,0.0,lpc
1755488741,1755488743,0.0,0.0,0.0,0.0,0.0,0.0,0.0,0.0,0.0,0.0,lpc
1755488742,1755488744,0.0,0.0,0.0,0.0,0.0,0.0,0.0,0.0,0.0,0.0,lpc
1755488743,1755488745,0.0,0.0,0.0,0.0,0.0,0.0,0.0,0.0,0.0,0.0,lpc
1755488744,1755488746,0.0,0.0,0.0,0.0,0.0,0.0,0.0,0.0,0.0,0.0,lpc
1755488745,1755488747,0.0,0.0,0.0,0.0,0.0,0.0,0.0,0.0,0.0,0.0,lpc
1755488746,1755488748,0.0,0.0,0.0,0.0,0.0,0.0,0.0,0.0,0.0,0.0,lpc
1755488747,1755488749,0.0,0.0,0.0,0.0,0.0,0.0,0.0,0.0,0.0,0.0,lpc
1755488748,1755488750,0.0,0.0,0.0,0.0,0.0,0.0,0.0,0.0,0.0,0.0,lpc
1755488749,1755488751,0.0,0.0,0.0,0.0,0.0,0.0,0.0,0.0,0.0,0.0,lpc
1755488750,1755488752,0.0,0.0,0.0,0.0,0.0,0.0,0.0,0.0,0.0,0.0,lpc
1755488751,1755488753,0.0,0.0,0.0,0.0,0.0,0.0,0.0,0.0,0.0,0.0,lpc
1755488752,1755488754,0.0,0.0,0.0,0.0,0.0,0.0,0.0,0.0,0.0,0.0,lpc
1755488753,1755488755,0.0,0.0,0.0,0.0,0.0,0.0,0.0,0.0,0.0,0.0,lpc
1755488754,1755488756,0.0,0.0,0.0,0.0,0.0,0.0,0.0,0.0,0.0,0.0,lpc
1755488755,1755488757,0.0,0.0,0.0,0.0,0.0,0.0,0.0,0.0,0.0,0.0,lpc
1755488756,1755488758,0.0,0.0,0.0,0.0,0.0,0.0,0.0,0.0,0.0,0.0,lpc
1755488757,1755488759,0.0,0.0,0.0,0.0,0.0,0.0,0.0,0.0,0.0,0.0,lpc
1755488758,1755488760,0.0,0.0,0.0,0.0,0.0,0.0,0.0,0.0,0.0,0.0,lpc
1755488759,1755488761,0.0,0.0,0.0,0.0,0.0,0.0,0.0,0.0,0.0,0.0,lpc
1755488760,1755488762,0.0,0.0,0.0,0.0,0.0,0.0,0.0,0.0,0.0,0.0,lpc
1755488761,1755488763,0.0,0.0,0.0,0.0,0.0,0.0,0.0,0.0,0.0,0.0,lpc
1755488762,1755488764,0.0,0.0,0.0,0.0,0.0,0.0,0.0,0.0,0.0,0.0,lpc
1755488763,1755488765,0.0,0.0,0.0,0.0,0.0,0.0,0.0,0.0,0.0,0.0,lpc
1755488764,1755488766,0.0,0.0,0.0,0.0,0.0,0.0,0.0,0.0,0.0,0.0,lpc
1755488765,1755488767,0.0,0.0,0.0,0.0,0.0,0.0,0.0,0.0,0.0,0.0,lpc
1755488766,1755488768,0.0,0.0,0.0,0.0,0.0,0.0,0.0,0.0,0.0,0.0,lpc
1755488767,1755488769,0.0,0.0,0.0,0.0,0.0,0.0,0.0,0.0,0.0,0.0,lpc
1755488768,1755488770,0.0,0.0,0.0,0.0,0.0,0.0,0.0,0.0,0.0,0.0,lpc
1755488769,1755488771,0.0,0.0,0.0,0.0,0.0,0.0,0.0,0.0,0.0,0.0,lpc
1755488770,1755488772,0.0,0.0,0.0,0.0,0.0,0.0,0.0,0.0,0.0,0.0,lpc
1755488771,1755488773,0.0,0.0,0.0,0.0,0.0,0.0,0.0,0.0,0.0,0.0,lpc
1755488772,1755488774,0.0,0.0,0.0,0.0,0.0,0.0,0.0,0.0,0.0,0.0,lpc
1755488773,1755488775,0.0,0.0,0.0,0.0,0.0,0.0,0.0,0.0,0.0,0.0,lpc
1755488774,1755488776,0.0,0.0,0.0,0.0,0.0,0.0,0.0,0.0,0.0,0.0,lpc
1755488775,1755488777,0.0,0.0,0.0,0.0,0.0,0.0,0.0,0.0,0.0,0.0,lpc
1755488776,1755488778,0.0,0.0,0.0,0.0,0.0,0.0,0.0,0.0,0.0,0.0,lpc
1755488777,1755488779,0.0,0.0,0.0,0.0,0.0,0.0,0.0,0.0,0.0,0.0,lpc
1755488778,1755488780,0.0,0.0,0.0,0.0,0.0,0.0,0.0,0.0,0.0,0.0,lpc
1755488779,1755488781,0.0,0.0,0.0,0.0,0.0,0.0,0.0,0.0,0.0,0.0,lpc
1755488780,1755488782,0.0,0.0,0.0,0.0,0.0,0.0,0.0,0.0,0.0,0.0,lpc
1755488781,1755488783,0.0,0.0,0.0,0.0,0.0,0.0,0.0,0.0,0.0,0.0,lpc
1755488782,1755488784,0.0,0.0,0.0,0.0,0.0,0.0,0.0,0.0,0.0,0.0,lpc
1755488783,1755488785,0.0,0.0,0.0,0.0,0.0,0.0,0.0,0.0,0.0,0.0,lpc
1755488784,1755488786,0.0,0.0,0.0,0.0,0.0,0.0,0.0,0.0,0.0,0.0,lpc
1755488785,1755488787,0.0,0.0,0.0,0.0,0.0,0.0,0.0,0.0,0.0,0.0,lpc
1755488786,1755488788,0.0,0.0,0.0,0.0,0.0,0.0,0.0,0.0,0.0,0.0,lpc
1755488787,1755488789,0.0,0.0,0.0,0.0,0.0,0.0,0.0,0.0,0.0,0.0,lpc
1755488788,1755488790,0.0,0.0,0.0,0.0,0.0,0.0,0.0,0.0,0.0,0.0,lpc
1755488789,1755488791,0.0,0.0,0.0,0.0,0.0,0.0,0.0,0.0,0.0,0.0,lpc
1755488790,1755488792,0.0,0.0,0.0,0.0,0.0,0.0,0.0,0.0,0.0,0.0,lpc
1755488791,1755488793,0.0,0.0,0.0,0.0,0.0,0.0,0.0,0.0,0.0,0.0,lpc
1755488792,1755488794,0.0,0.0,0.0,0.0,0.0,0.0,0.0,0.0,0.0,0.0,lpc
1755488793,1755488795,0.0,0.0,0.0,0.0,0.0,0.0,0.0,0.0,0.0,0.0,lpc
1755488794,1755488796,0.0,0.0,0.0,0.0,0.0,0.0,0.0,0.0,0.0,0.0,lpc
1755488795,1755488797,0.0,0.0,0.0,0.0,0.0,0.0,0.0,0.0,0.0,0.0,lpc
1755488796,1755488798,0.0,0.0,0.0,0.0,0.0,0.0,0.0,0.0,0.0,0.0,lpc
1755488797,1755488799,0.0,0.0,0.0,0.0,0.0,0.0,0.0,0.0,0.0,0.0,lpc
1755488798,1755488800,0.0,0.0,0.0,0.0,0.0,0.0,0.0,0.0,0.0,0.0,lpc
1755488799,1755488801,0.0,0.0,0.0,0.0,0.0,0.0,0.0,0.0,0.0,0.0,lpc
1755488800,1755488802,0.0,0.0,0.0,0.0,0.0,0.0,0.0,0.0,0.0,0.0,lpc
1755488801,1755488803,0.0,0.0,0.0,0.0,0.0,0.0,0.0,0.0,0.0,0.0,lpc
1755488802,1755488804,0.0,0.0,0.0,0.0,0.0,0.0,0.0,0.0,0.0,0.0,lpc
1755488803,1755488805,0.0,0.0,0.0,0.0,0.0,0.0,0.0,0.0,0.0,0.0,lpc
1755488804,1755488806,0.0,0.0,0.0,0.0,0.0,0.0,0.0,0.0,0.0,0.0,lpc
1755488805,1755488807,0.0,0.0,0.0,0.0,0.0,0.0,0.0,0.0,0.0,0.0,lpc
1755488806,1755488808,0.0,0.0,0.0,0.0,0.0,0.0,0.0,0.0,0.0,0.0,lpc
1755488807,1755488809,0.0,0.0,0.0,0.0,0.0,0.0,0.0,0.0,0.0,0.0,lpc
1755488808,1755488810,0.0,0.0,0.0,0.0,0.0,0.0,0.0,0.0,0.0,0.0,lpc
1755488809,1755488811,0.0,0.0,0.0,0.0,0.0,0.0,0.0,0.0,0.0,0.0,lpc
1755488810,1755488812,0.0,0.0,0.0,0.0,0.0,0.0,0.0,0.0,0.0,0.0,lpc
1755488811,1755488813,0.0,0.0,0.0,0.0,0.0,0.0,0.0,0.0,0.0,0.0,lpc
1755488812,1755488814,0.0,0.0,0.0,0.0,0.0,0.0,0.0,0.0,0.0,0.0,lpc
1755488813,1755488815,0.0,0.0,0.0,0.0,0.0,0.0,0.0,0.0,0.0,0.0,lpc
1755488814,1755488816,0.0,0.0,0.0,0.0,0.0,0.0,0.0,0.0,0.0,0.0,lpc
1755488815,1755488817,0.0,0.0,0.0,0.0,0.0,0.0,0.0,0.0,0.0,0.0,lpc
1755488816,1755488818,0.0,0.0,0.0,0.0,0.0,0.0,0.0,0.0,0.0,0.0,lpc
1755488817,1755488819,0.0,0.0,0.0,0.0,0.0,0.0,0.0,0.0,0.0,0.0,lpc
1755488818,1755488820,0.0,0.0,0.0,0.0,0.0,0.0,0.0,0.0,0.0,0.0,lpc
1755488819,1755488821,0.0,0.0,0.0,0.0,0.0,0.0,0.0,0.0,0.0,0.0,lpc
1755488820,1755488822,0.0,0.0,0.0,0.0,0.0,0.0,0.0,0.0,0.0,0.0,lpc
1755488821,1755488823,0.0,0.0,0.0,0.0,0.0,0.0,0.0,0.0,0.0,0.0,lpc
1755488822,1755488824,0.0,0.0,0.0,0.0,0.0,0.0,0.0,0.0,0.0,0.0,lpc
1755488823,1755488825,0.0,0.0,0.0,0.0,0.0,0.0,0.0,0.0,0.0,0.0,lpc
1755488824,1755488826,0.0,0.0,0.0,0.0,0.0,0.0,0.0,0.0,0.0,0.0,lpc
1755488825,1755488827,0.0,0.0,0.0,0.0,0.0,0.0,0.0,0.0,0.0,0.0,lpc
1755488826,1755488828,0.0,0.0,0.0,0.0,0.0,0.0,0.0,0.0,0.0,0.0,lpc
1755488827,1755488829,0.0,0.0,0.0,0.0,0.0,0.0,0.0,0.0,0.0,0.0,lpc
1755488828,1755488830,0.0,0.0,0.0,0.0,0.0,0.0,0.0,0.0,0.0,0.0,lpc
1755488829,1755488831,0.0,0.0,0.0,0.0,0.0,0.0,0.0,0.0,0.0,0.0,lpc
1755488830,1755488832,0.0,0.0,0.0,0.0,0.0,0.0,0.0,0.0,0.0,0.0,lpc
1755488831,1755488833,0.0,0.0,0.0,0.0,0.0,0.0,0.0,0.0,0.0,0.0,lpc
1755488832,1755488834,0.0,0.0,0.0,0.0,0.0,0.0,0.0,0.0,0.0,0.0,lpc
1755488833,1755488835,0.0,0.0,0.0,0.0,0.0,0.0,0.0,0.0,0.0,0.0,lpc
1755488834,1755488836,0.0,0.0,0.0,0.0,0.0,0.0,0.0,0.0,0.0,0.0,lpc
1755488835,1755488837,0.0,0.0,0.0,0.0,0.0,0.0,0.0,0.0,0.0,0.0,lpc
1755488836,1755488838,0.0,0.0,0.0,0.0,0.0,0.0,0.0,0.0,0.0,0.0,lpc
1755488837,1755488839,0.0,0.0,0.0,0.0,0.0,0.0,0.0,0.0,0.0,0.0,lpc
1755488838,1755488840,0.0,0.0,0.0,0.0,0.0,0.0,0.0,0.0,0.0,0.0,lpc
1755488839,1755488841,0.0,0.0,0.0,0.0,0.0,0.0,0.0,0.0,0.0,0.0,lpc
1755488840,1755488842,0.0,0.0,0.0,0.0,0.0,0.0,0.0,0.0,0.0,0.0,lpc
1755488841,1755488843,0.0,0.0,0.0,0.0,0.0,0.0,0.0,0.0,0.0,0.0,lpc
1755488842,1755488844,0.0,0.0,0.0,0.0,0.0,0.0,0.0,0.0,0.0,0.0,lpc
1755488843,1755488845,0.0,0.0,0.0,0.0,0.0,0.0,0.0,0.0,0.0,0.0,lpc
1755488844,1755488846,0.0,0.0,0.0,0.0,0.0,0.0,0.0,0.0,0.0,0.0,lpc
1755488845,1755488847,0.0,0.0,0.0,0.0,0.0,0.0,0.0,0.0,0.0,0.0,lpc
1755488846,1755488848,0.0,0.0,0.0,0.0,0.0,0.0,0.0,0.0,0.0,0.0,lpc
1755488847,1755488849,0.0,0.0,0.0,0.0,0.0,0.0,0.0,0.0,0.0,0.0,lpc
1755488848,1755488850,0.0,0.0,0.0,0.0,0.0,0.0,0.0,0.0,0.0,0.0,lpc
1755488849,1755488851,0.0,0.0,0.0,0.0,0.0,0.0,0.0,0.0,0.0,0.0,lpc
1755488850,1755488852,0.0,0.0,0.0,0.0,0.0,0.0,0.0,0.0,0.0,0.0,lpc
1755488851,1755488853,0.0,0.0,0.0,0.0,0.0,0.0,0.0,0.0,0.0,0.0,lpc
1755488852,1755488854,0.0,0.0,0.0,0.0,0.0,0.0,0.0,0.0,0.0,0.0,lpc
1755488853,1755488855,0.0,0.0,0.0,0.0,0.0,0.0,0.0,0.0,0.0,0.0,lpc
1755488854,1755488856,0.0,0.0,0.0,0.0,0.0,0.0,0.0,0.0,0.0,0.0,lpc
1755488855,1755488857,0.0,0.0,0.0,0.0,0.0,0.0,0.0,0.0,0.0,0.0,lpc
1755488856,1755488858,0.0,0.0,0.0,0.0,0.0,0.0,0.0,0.0,0.0,0.0,lpc
1755488857,1755488859,0.0,0.0,0.0,0.0,0.0,0.0,0.0,0.0,0.0,0.0,lpc
1755488858,1755488860,0.0,0.0,0.0,0.0,0.0,0.0,0.0,0.0,0.0,0.0,lpc
1755488859,1755488861,0.0,0.0,0.0,0.0,0.0,0.0,0.0,0.0,0.0,0.0,lpc
1755488860,1755488862,0.0,0.0,0.0,0.0,0.0,0.0,0.0,0.0,0.0,0.0,lpc
1755488861,1755488863,0.0,0.0,0.0,0.0,0.0,0.0,0.0,0.0,0.0,0.0,lpc
1755488862,1755488864,0.0,0.0,0.0,0.0,0.0,0.0,0.0,0.0,0.0,0.0,lpc
1755488863,1755488865,0.0,0.0,0.0,0.0,0.0,0.0,0.0,0.0,0.0,0.0,lpc
1755488864,1755488866,0.0,0.0,0.0,0.0,0.0,0.0,0.0,0.0,0.0,0.0,lpc
1755488865,1755488867,0.0,0.0,0.0,0.0,0.0,0.0,0.0,0.0,0.0,0.0,lpc
1755488866,1755488868,0.0,0.0,0.0,0.0,0.0,0.0,0.0,0.0,0.0,0.0,lpc
1755488867,1755488869,0.0,0.0,0.0,0.0,0.0,0.0,0.0,0.0,0.0,0.0,lpc
1755488868,1755488870,0.0,0.0,0.0,0.0,0.0,0.0,0.0,0.0,0.0,0.0,lpc
1755488869,1755488871,0.0,0.0,0.0,0.0,0.0,0.0,0.0,0.0,0.0,0.0,lpc
1755488870,1755488872,0.0,0.0,0.0,0.0,0.0,0.0,0.0,0.0,0.0,0.0,lpc
1755488871,1755488873,0.0,0.0,0.0,0.0,0.0,0.0,0.0,0.0,0.0,0.0,lpc
1755488872,1755488874,0.0,0.0,0.0,0.0,0.0,0.0,0.0,0.0,0.0,0.0,lpc
1755488873,1755488875,0.0,0.0,0.0,0.0,0.0,0.0,0.0,0.0,0.0,0.0,lpc
1755488874,1755488876,0.0,0.0,0.0,0.0,0.0,0.0,0.0,0.0,0.0,0.0,lpc
1755488875,1755488877,0.0,0.0,0.0,0.0,0.0,0.0,0.0,0.0,0.0,0.0,lpc
1755488876,1755488878,0.0,0.0,0.0,0.0,0.0,0.0,0.0,0.0,0.0,0.0,lpc
1755488877,1755488879,0.0,0.0,0.0,0.0,0.0,0.0,0.0,0.0,0.0,0.0,lpc
1755488878,1755488880,0.0,0.0,0.0,0.0,0.0,0.0,0.0,0.0,0.0,0.0,lpc
1755488879,1755488881,0.0,0.0,0.0,0.0,0.0,0.0,0.0,0.0,0.0,0.0,lpc
1755488880,1755488882,0.0,0.0,0.0,0.0,0.0,0.0,0.0,0.0,0.0,0.0,lpc
1755488881,1755488883,0.0,0.0,0.0,0.0,0.0,0.0,0.0,0.0,0.0,0.0,lpc
1755488882,1755488884,0.0,0.0,0.0,0.0,0.0,0.0,0.0,0.0,0.0,0.0,lpc
1755488883,1755488885,0.0,0.0,0.0,0.0,0.0,0.0,0.0,0.0,0.0,0.0,lpc
1755488884,1755488886,0.0,0.0,0.0,0.0,0.0,0.0,0.0,0.0,0.0,0.0,lpc
1755488885,1755488887,0.0,0.0,0.0,0.0,0.0,0.0,0.0,0.0,0.0,0.0,lpc
1755488886,1755488888,0.0,0.0,0.0,0.0,0.0,0.0,0.0,0.0,0.0,0.0,lpc
1755488887,1755488889,0.0,0.0,0.0,0.0,0.0,0.0,0.0,0.0,0.0,0.0,lpc
1755488888,1755488890,0.0,0.0,0.0,0.0,0.0,0.0,0.0,0.0,0.0,0.0,lpc
1755488889,1755488891,0.0,0.0,0.0,0.0,0.0,0.0,0.0,0.0,0.0,0.0,lpc
1755488890,1755488892,0.0,0.0,0.0,0.0,0.0,0.0,0.0,0.0,0.0,0.0,lpc
1755488891,1755488893,0.0,0.0,0.0,0.0,0.0,0.0,0.0,0.0,0.0,0.0,lpc
1755488892,1755488894,0.0,0.0,0.0,0.0,0.0,0.0,0.0,0.0,0.0,0.0,lpc
1755488893,1755488895,0.0,0.0,0.0,0.0,0.0,0.0,0.0,0.0,0.0,0.0,lpc
1755488894,1755488896,0.0,0.0,0.0,0.0,0.0,0.0,0.0,0.0,0.0,0.0,lpc
1755488895,1755488897,0.0,0.0,0.0,0.0,0.0,0.0,0.0,0.0,0.0,0.0,lpc
1755488896,1755488898,0.0,0.0,0.0,0.0,0.0,0.0,0.0,0.0,0.0,0.0,lpc
1755488897,1755488899,0.0,0.0,0.0,0.0,0.0,0.0,0.0,0.0,0.0,0.0,lpc
1755488898,1755488900,0.0,0.0,0.0,0.0,0.0,0.0,0.0,0.0,0.0,0.0,lpc
1755488899,1755488901,0.0,0.0,0.0,0.0,0.0,0.0,0.0,0.0,0.0,0.0,lpc
1755488900,1755488902,0.0,0.0,0.0,0.0,0.0,0.0,0.0,0.0,0.0,0.0,lpc
1755488901,1755488903,0.0,0.0,0.0,0.0,0.0,0.0,0.0,0.0,0.0,0.0,lpc
1755488902,1755488904,0.0,0.0,0.0,0.0,0.0,0.0,0.0,0.0,0.0,0.0,lpc
1755488903,1755488905,0.0,0.0,0.0,0.0,0.0,0.0,0.0,0.0,0.0,0.0,lpc
1755488904,1755488906,0.0,0.0,0.0,0.0,0.0,0.0,0.0,0.0,0.0,0.0,lpc
1755488905,1755488907,0.0,0.0,0.0,0.0,0.0,0.0,0.0,0.0,0.0,0.0,lpc
1755488906,1755488908,0.0,0.0,0.0,0.0,0.0,0.0,0.0,0.0,0.0,0.0,lpc
1755488907,1755488909,0.0,0.0,0.0,0.0,0.0,0.0,0.0,0.0,0.0,0.0,lpc
1755488908,1755488910,0.0,0.0,0.0,0.0,0.0,0.0,0.0,0.0,0.0,0.0,lpc
1755488909,1755488911,0.0,0.0,0.0,0.0,0.0,0.0,0.0,0.0,0.0,0.0,lpc
1755488910,1755488912,0.0,0.0,0.0,0.0,0.0,0.0,0.0,0.0,0.0,0.0,lpc
1755488911,1755488913,0.0,0.0,0.0,0.0,0.0,0.0,0.0,0.0,0.0,0.0,lpc
1755488912,1755488914,0.0,0.0,0.0,0.0,0.0,0.0,0.0,0.0,0.0,0.0,lpc
1755488913,1755488915,0.0,0.0,0.0,0.0,0.0,0.0,0.0,0.0,0.0,0.0,lpc
1755488914,1755488916,0.0,0.0,0.0,0.0,0.0,0.0,0.0,0.0,0.0,0.0,lpc
1755488915,1755488917,0.0,0.0,0.0,0.0,0.0,0.0,0.0,0.0,0.0,0.0,lpc
1755488916,1755488918,0.0,0.0,0.0,0.0,0.0,0.0,0.0,0.0,0.0,0.0,lpc
1755488917,1755488919,0.0,0.0,0.0,0.0,0.0,0.0,0.0,0.0,0.0,0.0,lpc
1755488918,1755488920,0.0,0.0,0.0,0.0,0.0,0.0,0.0,0.0,0.0,0.0,lpc
1755488919,1755488921,0.0,0.0,0.0,0.0,0.0,0.0,0.0,0.0,0.0,0.0,mavlink_packet_injection
1755488920,1755488922,0.0,0.0,0.0,0.0,0.0,0.0,0.0,0.0,0.0,0.0,mavlink_packet_injection
1755488921,1755488923,0.0,0.0,0.0,0.0,0.0,0.0,0.0,0.0,0.0,0.0,mavlink_packet_injection
1755488922,1755488924,0.0,0.0,0.0,0.0,0.0,0.0,0.0,0.0,0.0,0.0,mavlink_packet_injection
1755488923,1755488925,0.0,0.0,0.0,0.0,0.0,0.0,0.0,0.0,0.0,0.0,mavlink_packet_injection
1755488924,1755488926,0.0,0.0,0.0,0.0,0.0,0.0,0.0,0.0,0.0,0.0,mavlink_packet_injection
1755488925,1755488927,0.0,0.0,0.0,0.0,0.0,0.0,0.0,0.0,0.0,0.0,mavlink_packet_injection
1755488926,1755488928,0.0,0.0,0.0,0.0,0.0,0.0,0.0,0.0,0.0,0.0,mavlink_packet_injection
1755488927,1755488929,0.0,0.0,0.0,0.0,0.0,0.0,0.0,0.0,0.0,0.0,mavlink_packet_injection
1755488928,1755488930,0.0,0.0,0.0,0.0,0.0,0.0,0.0,0.0,0.0,0.0,mavlink_packet_injection
1755488929,1755488931,0.0,0.0,0.0,0.0,0.0,0.0,0.0,0.0,0.0,0.0,mavlink_packet_injection
1755488930,1755488932,0.0,0.0,0.0,0.0,0.0,0.0,0.0,0.0,0.0,0.0,mavlink_packet_injection
1755488931,1755488933,0.0,0.0,0.0,0.0,0.0,0.0,0.0,0.0,0.0,0.0,mavlink_packet_injection
1755488932,1755488934,0.0,0.0,0.0,0.0,0.0,0.0,0.0,0.0,0.0,0.0,mavlink_packet_injection
1755488933,1755488935,0.0,0.0,0.0,0.0,0.0,0.0,0.0,0.0,0.0,0.0,mavlink_packet_injection
1755488934,1755488936,0.0,0.0,0.0,0.0,0.0,0.0,0.0,0.0,0.0,0.0,mavlink_packet_injection
1755488935,1755488937,0.0,0.0,0.0,0.0,0.0,0.0,0.0,0.0,0.0,0.0,mavlink_packet_injection
1755488936,1755488938,0.0,0.0,0.0,0.0,0.0,0.0,0.0,0.0,0.0,0.0,mavlink_packet_injection
1755488937,1755488939,0.0,0.0,0.0,0.0,0.0,0.0,0.0,0.0,0.0,0.0,mavlink_packet_injection
1755488938,1755488940,0.0,0.0,0.0,0.0,0.0,0.0,0.0,0.0,0.0,0.0,mavlink_packet_injection
1755488939,1755488941,0.0,0.0,0.0,0.0,0.0,0.0,0.0,0.0,0.0,0.0,mavlink_packet_injection
1755488940,1755488942,0.0,0.0,0.0,0.0,0.0,0.0,0.0,0.0,0.0,0.0,mavlink_packet_injection
1755488941,1755488943,0.0,0.0,0.0,0.0,0.0,0.0,0.0,0.0,0.0,0.0,mavlink_packet_injection
1755488942,1755488944,0.0,0.0,0.0,0.0,0.0,0.0,0.0,0.0,0.0,0.0,mavlink_packet_injection
1755488943,1755488945,0.0,0.0,0.0,0.0,0.0,0.0,0.0,0.0,0.0,0.0,mavlink_packet_injection
1755488944,1755488946,0.0,0.0,0.0,0.0,0.0,0.0,0.0,0.0,0.0,0.0,mavlink_packet_injection
1755488945,1755488947,0.0,0.0,0.0,0.0,0.0,0.0,0.0,0.0,0.0,0.0,mavlink_packet_injection
1755488946,1755488948,0.0,0.0,0.0,0.0,0.0,0.0,0.0,0.0,0.0,0.0,mavlink_packet_injection
1755488947,1755488949,0.0,0.0,0.0,0.0,0.0,0.0,0.0,0.0,0.0,0.0,mavlink_packet_injection
1755488948,1755488950,0.0,0.0,0.0,0.0,0.0,0.0,0.0,0.0,0.0,0.0,mavlink_packet_injection
1755488949,1755488951,0.0,0.0,0.0,0.0,0.0,0.0,0.0,0.0,0.0,0.0,mavlink_packet_injection
1755488950,1755488952,0.0,0.0,0.0,0.0,0.0,0.0,0.0,0.0,0.0,0.0,mavlink_packet_injection
1755488951,1755488953,0.0,0.0,0.0,0.0,0.0,0.0,0.0,0.0,0.0,0.0,mavlink_packet_injection
1755488952,1755488954,0.0,0.0,0.0,0.0,0.0,0.0,0.0,0.0,0.0,0.0,mavlink_packet_injection
1755488953,1755488955,0.0,0.0,0.0,0.0,0.0,0.0,0.0,0.0,0.0,0.0,mavlink_packet_injection
1755488954,1755488956,0.0,0.0,0.0,0.0,0.0,0.0,0.0,0.0,0.0,0.0,mavlink_packet_injection
1755488955,1755488957,0.0,0.0,0.0,0.0,0.0,0.0,0.0,0.0,0.0,0.0,mavlink_packet_injection
1755488956,1755488958,0.0,0.0,0.0,0.0,0.0,0.0,0.0,0.0,0.0,0.0,mavlink_packet_injection
1755488957,1755488959,0.0,0.0,0.0,0.0,0.0,0.0,0.0,0.0,0.0,0.0,mavlink_packet_injection
1755488958,1755488960,0.0,0.0,0.0,0.0,0.0,0.0,0.0,0.0,0.0,0.0,mavlink_packet_injection
1755488959,1755488961,0.0,0.0,0.0,0.0,0.0,0.0,0.0,0.0,0.0,0.0,mavlink_packet_injection
1755488960,1755488962,0.0,0.0,0.0,0.0,0.0,0.0,0.0,0.0,0.0,0.0,mavlink_packet_injection
1755488961,1755488963,0.0,0.0,0.0,0.0,0.0,0.0,0.0,0.0,0.0,0.0,mavlink_packet_injection
1755488962,1755488964,0.0,0.0,0.0,0.0,0.0,0.0,0.0,0.0,0.0,0.0,mavlink_packet_injection
1755488963,1755488965,0.0,0.0,0.0,0.0,0.0,0.0,0.0,0.0,0.0,0.0,mavlink_packet_injection
1755488964,1755488966,0.0,0.0,0.0,0.0,0.0,0.0,0.0,0.0,0.0,0.0,mavlink_packet_injection
1755488965,1755488967,0.0,0.0,0.0,0.0,0.0,0.0,0.0,0.0,0.0,0.0,mavlink_packet_injection
1755488966,1755488968,0.0,0.0,0.0,0.0,0.0,0.0,0.0,0.0,0.0,0.0,mavlink_packet_injection
1755488967,1755488969,0.0,0.0,0.0,0.0,0.0,0.0,0.0,0.0,0.0,0.0,mavlink_packet_injection
1755488968,1755488970,0.0,0.0,0.0,0.0,0.0,0.0,0.0,0.0,0.0,0.0,mavlink_packet_injection
1755488969,1755488971,0.0,0.0,0.0,0.0,0.0,0.0,0.0,0.0,0.0,0.0,mavlink_packet_injection
1755488970,1755488972,0.0,0.0,0.0,0.0,0.0,0.0,0.0,0.0,0.0,0.0,mavlink_packet_injection
1755488971,1755488973,0.0,0.0,0.0,0.0,0.0,0.0,0.0,0.0,0.0,0.0,mavlink_packet_injection
1755488972,1755488974,0.0,0.0,0.0,0.0,0.0,0.0,0.0,0.0,0.0,0.0,mavlink_packet_injection
1755488973,1755488975,0.0,0.0,0.0,0.0,0.0,0.0,0.0,0.0,0.0,0.0,mavlink_packet_injection
1755488974,1755488976,0.0,0.0,0.0,0.0,0.0,0.0,0.0,0.0,0.0,0.0,mavlink_packet_injection
1755488975,1755488977,0.0,0.0,0.0,0.0,0.0,0.0,0.0,0.0,0.0,0.0,mavlink_packet_injection
1755488976,1755488978,0.0,0.0,0.0,0.0,0.0,0.0,0.0,0.0,0.0,0.0,mavlink_packet_injection
1755488977,1755488979,0.0,0.0,0.0,0.0,0.0,0.0,0.0,0.0,0.0,0.0,mavlink_packet_injection
1755488978,1755488980,0.0,0.0,0.0,0.0,0.0,0.0,0.0,0.0,0.0,0.0,mavlink_packet_injection
1755488979,1755488981,0.0,0.0,0.0,0.0,0.0,0.0,0.0,0.0,0.0,0.0,mavlink_packet_injection
1755488980,1755488982,0.0,0.0,0.0,0.0,0.0,0.0,0.0,0.0,0.0,0.0,mavlink_packet_injection
1755488981,1755488983,0.0,0.0,0.0,0.0,0.0,0.0,0.0,0.0,0.0,0.0,mavlink_packet_injection
1755488982,1755488984,0.0,0.0,0.0,0.0,0.0,0.0,0.0,0.0,0.0,0.0,mavlink_packet_injection
1755488983,1755488985,0.0,0.0,0.0,0.0,0.0,0.0,0.0,0.0,0.0,0.0,mavlink_packet_injection
1755488984,1755488986,0.0,0.0,0.0,0.0,0.0,0.0,0.0,0.0,0.0,0.0,mavlink_packet_injection
1755488985,1755488987,0.0,0.0,0.0,0.0,0.0,0.0,0.0,0.0,0.0,0.0,mavlink_packet_injection
1755488986,1755488988,0.0,0.0,0.0,0.0,0.0,0.0,0.0,0.0,0.0,0.0,mavlink_packet_injection
1755488987,1755488989,0.0,0.0,0.0,0.0,0.0,0.0,0.0,0.0,0.0,0.0,mavlink_packet_injection
1755488988,1755488990,0.0,0.0,0.0,0.0,0.0,0.0,0.0,0.0,0.0,0.0,mavlink_packet_injection
1755488989,1755488991,0.0,0.0,0.0,0.0,0.0,0.0,0.0,0.0,0.0,0.0,mavlink_packet_injection
1755488990,1755488992,0.0,0.0,0.0,0.0,0.0,0.0,0.0,0.0,0.0,0.0,mavlink_packet_injection
1755488991,1755488993,0.0,0.0,0.0,0.0,0.0,0.0,0.0,0.0,0.0,0.0,mavlink_packet_injection
1755488992,1755488994,0.0,0.0,0.0,0.0,0.0,0.0,0.0,0.0,0.0,0.0,mavlink_packet_injection
1755488993,1755488995,0.0,0.0,0.0,0.0,0.0,0.0,0.0,0.0,0.0,0.0,mavlink_packet_injection
1755488994,1755488996,0.0,0.0,0.0,0.0,0.0,0.0,0.0,0.0,0.0,0.0,mavlink_packet_injection
1755488995,1755488997,0.0,0.0,0.0,0.0,0.0,0.0,0.0,0.0,0.0,0.0,mavlink_packet_injection
1755488996,1755488998,0.0,0.0,0.0,0.0,0.0,0.0,0.0,0.0,0.0,0.0,mavlink_packet_injection
1755488997,1755488999,0.0,0.0,0.0,0.0,0.0,0.0,0.0,0.0,0.0,0.0,mavlink_packet_injection
1755488998,1755489000,0.0,0.0,0.0,0.0,0.0,0.0,0.0,0.0,0.0,0.0,mavlink_packet_injection
1755488999,1755489001,0.0,0.0,0.0,0.0,0.0,0.0,0.0,0.0,0.0,0.0,mavlink_packet_injection
1755489000,1755489002,0.0,0.0,0.0,0.0,0.0,0.0,0.0,0.0,0.0,0.0,mavlink_packet_injection
1755489001,1755489003,0.0,0.0,0.0,0.0,0.0,0.0,0.0,0.0,0.0,0.0,mavlink_packet_injection
1755489002,1755489004,0.0,0.0,0.0,0.0,0.0,0.0,0.0,0.0,0.0,0.0,mavlink_packet_injection
1755489003,1755489005,0.0,0.0,0.0,0.0,0.0,0.0,0.0,0.0,0.0,0.0,mavlink_packet_injection
1755489004,1755489006,0.0,0.0,0.0,0.0,0.0,0.0,0.0,0.0,0.0,0.0,mavlink_packet_injection
1755489005,1755489007,0.0,0.0,0.0,0.0,0.0,0.0,0.0,0.0,0.0,0.0,mavlink_packet_injection
1755489006,1755489008,0.0,0.0,0.0,0.0,0.0,0.0,0.0,0.0,0.0,0.0,mavlink_packet_injection
1755489007,1755489009,0.0,0.0,0.0,0.0,0.0,0.0,0.0,0.0,0.0,0.0,mavlink_packet_injection
1755489008,1755489010,0.0,0.0,0.0,0.0,0.0,0.0,0.0,0.0,0.0,0.0,mavlink_packet_injection
1755489009,1755489011,0.0,0.0,0.0,0.0,0.0,0.0,0.0,0.0,0.0,0.0,mavlink_packet_injection
1755489010,1755489012,0.0,0.0,0.0,0.0,0.0,0.0,0.0,0.0,0.0,0.0,mavlink_packet_injection
1755489011,1755489013,0.0,0.0,0.0,0.0,0.0,0.0,0.0,0.0,0.0,0.0,mavlink_packet_injection
1755489012,1755489014,0.0,0.0,0.0,0.0,0.0,0.0,0.0,0.0,0.0,0.0,mavlink_packet_injection
1755489013,1755489015,0.0,0.0,0.0,0.0,0.0,0.0,0.0,0.0,0.0,0.0,mavlink_packet_injection
1755489014,1755489016,0.0,0.0,0.0,0.0,0.0,0.0,0.0,0.0,0.0,0.0,mavlink_packet_injection
1755489015,1755489017,0.0,0.0,0.0,0.0,0.0,0.0,0.0,0.0,0.0,0.0,mavlink_packet_injection
1755489016,1755489018,0.0,0.0,0.0,0.0,0.0,0.0,0.0,0.0,0.0,0.0,mavlink_packet_injection
1755489017,1755489019,0.0,0.0,0.0,0.0,0.0,0.0,0.0,0.0,0.0,0.0,mavlink_packet_injection
1755489018,1755489020,0.0,0.0,0.0,0.0,0.0,0.0,0.0,0.0,0.0,0.0,mavlink_packet_injection
1755489019,1755489021,0.0,0.0,0.0,0.0,0.0,0.0,0.0,0.0,0.0,0.0,mavlink_packet_injection
1755489020,1755489022,0.0,0.0,0.0,0.0,0.0,0.0,0.0,0.0,0.0,0.0,mavlink_packet_injection
1755489021,1755489023,0.0,0.0,0.0,0.0,0.0,0.0,0.0,0.0,0.0,0.0,mavlink_packet_injection
1755489022,1755489024,0.0,0.0,0.0,0.0,0.0,0.0,0.0,0.0,0.0,0.0,mavlink_packet_injection
1755489023,1755489025,0.0,0.0,0.0,0.0,0.0,0.0,0.0,0.0,0.0,0.0,mavlink_packet_injection
1755489024,1755489026,0.0,0.0,0.0,0.0,0.0,0.0,0.0,0.0,0.0,0.0,mavlink_packet_injection
1755489025,1755489027,0.0,0.0,0.0,0.0,0.0,0.0,0.0,0.0,0.0,0.0,mavlink_packet_injection
1755489026,1755489028,0.0,0.0,0.0,0.0,0.0,0.0,0.0,0.0,0.0,0.0,mavlink_packet_injection
1755489027,1755489029,0.0,0.0,0.0,0.0,0.0,0.0,0.0,0.0,0.0,0.0,mavlink_packet_injection
1755489028,1755489030,0.0,0.0,0.0,0.0,0.0,0.0,0.0,0.0,0.0,0.0,mavlink_packet_injection
1755489029,1755489031,0.0,0.0,0.0,0.0,0.0,0.0,0.0,0.0,0.0,0.0,mavlink_packet_injection
1755489030,1755489032,0.0,0.0,0.0,0.0,0.0,0.0,0.0,0.0,0.0,0.0,mavlink_packet_injection
1755489031,1755489033,0.0,0.0,0.0,0.0,0.0,0.0,0.0,0.0,0.0,0.0,mavlink_packet_injection
1755489032,1755489034,0.0,0.0,0.0,0.0,0.0,0.0,0.0,0.0,0.0,0.0,mavlink_packet_injection
1755489033,1755489035,0.0,0.0,0.0,0.0,0.0,0.0,0.0,0.0,0.0,0.0,mavlink_packet_injection
1755489034,1755489036,0.0,0.0,0.0,0.0,0.0,0.0,0.0,0.0,0.0,0.0,mavlink_packet_injection
1755489035,1755489037,0.0,0.0,0.0,0.0,0.0,0.0,0.0,0.0,0.0,0.0,mavlink_packet_injection
1755489036,1755489038,0.0,0.0,0.0,0.0,0.0,0.0,0.0,0.0,0.0,0.0,mavlink_packet_injection
1755489037,1755489039,0.0,0.0,0.0,0.0,0.0,0.0,0.0,0.0,0.0,0.0,mavlink_packet_injection
1755489038,1755489040,0.0,0.0,0.0,0.0,0.0,0.0,0.0,0.0,0.0,0.0,mavlink_packet_injection
1755489039,1755489041,0.0,0.0,0.0,0.0,0.0,0.0,0.0,0.0,0.0,0.0,mavlink_packet_injection
1755489040,1755489042,0.0,0.0,0.0,0.0,0.0,0.0,0.0,0.0,0.0,0.0,mavlink_packet_injection
1755489041,1755489043,0.0,0.0,0.0,0.0,0.0,0.0,0.0,0.0,0.0,0.0,mavlink_packet_injection
1755489042,1755489044,0.0,0.0,0.0,0.0,0.0,0.0,0.0,0.0,0.0,0.0,mavlink_packet_injection
1755489043,1755489045,0.0,0.0,0.0,0.0,0.0,0.0,0.0,0.0,0.0,0.0,mavlink_packet_injection
1755489044,1755489046,0.0,0.0,0.0,0.0,0.0,0.0,0.0,0.0,0.0,0.0,mavlink_packet_injection
1755489045,1755489047,0.0,0.0,0.0,0.0,0.0,0.0,0.0,0.0,0.0,0.0,mavlink_packet_injection
1755489046,1755489048,0.0,0.0,0.0,0.0,0.0,0.0,0.0,0.0,0.0,0.0,mavlink_packet_injection
1755489047,1755489049,0.0,0.0,0.0,0.0,0.0,0.0,0.0,0.0,0.0,0.0,mavlink_packet_injection
1755489048,1755489050,0.0,0.0,0.0,0.0,0.0,0.0,0.0,0.0,0.0,0.0,mavlink_packet_injection
1755489049,1755489051,0.0,0.0,0.0,0.0,0.0,0.0,0.0,0.0,0.0,0.0,mavlink_packet_injection
1755489050,1755489052,0.0,0.0,0.0,0.0,0.0,0.0,0.0,0.0,0.0,0.0,mavlink_packet_injection
1755489051,1755489053,0.0,0.0,0.0,0.0,0.0,0.0,0.0,0.0,0.0,0.0,mavlink_packet_injection
1755489052,1755489054,0.0,0.0,0.0,0.0,0.0,0.0,0.0,0.0,0.0,0.0,mavlink_packet_injection
1755489053,1755489055,0.0,0.0,0.0,0.0,0.0,0.0,0.0,0.0,0.0,0.0,mavlink_packet_injection
1755489054,1755489056,0.0,0.0,0.0,0.0,0.0,0.0,0.0,0.0,0.0,0.0,mavlink_packet_injection
1755489055,1755489057,0.0,0.0,0.0,0.0,0.0,0.0,0.0,0.0,0.0,0.0,mavlink_packet_injection
1755489056,1755489058,0.0,0.0,0.0,0.0,0.0,0.0,0.0,0.0,0.0,0.0,mavlink_packet_injection
1755489057,1755489059,0.0,0.0,0.0,0.0,0.0,0.0,0.0,0.0,0.0,0.0,mavlink_packet_injection
1755489058,1755489060,0.0,0.0,0.0,0.0,0.0,0.0,0.0,0.0,0.0,0.0,mavlink_packet_injection
1755489059,1755489061,0.0,0.0,0.0,0.0,0.0,0.0,0.0,0.0,0.0,0.0,mavlink_packet_injection
1755489060,1755489062,0.0,0.0,0.0,0.0,0.0,0.0,0.0,0.0,0.0,0.0,mavlink_packet_injection
1755489061,1755489063,0.0,0.0,0.0,0.0,0.0,0.0,0.0,0.0,0.0,0.0,mavlink_packet_injection
1755489062,1755489064,0.0,0.0,0.0,0.0,0.0,0.0,0.0,0.0,0.0,0.0,mavlink_packet_injection
1755489063,1755489065,0.0,0.0,0.0,0.0,0.0,0.0,0.0,0.0,0.0,0.0,mavlink_packet_injection
1755489064,1755489066,0.5,0.8660254037844386,0.16666666666666666,0.2886751345948129,0.26666666666666666,0.46188021535170065,0.0,0.0,0.0,0.0,mavlink_packet_injection
1755489065,1755489067,1.0,0.8660254037844386,0.3333333333333333,0.2886751345948129,0.5333333333333333,0.46188021535170065,0.0,0.0,0.0,0.0,wifi_slow_scan
1755489066,1755489068,1.5,0.0,0.5,0.0,0.8000000000000002,1.3597399555105182e-16,0.0,0.0,0.0,0.0,wifi_slow_scan
1755489067,1755489069,1.5,0.0,0.5,0.0,0.8000000000000002,1.3597399555105182e-16,0.0,0.0,0.0,0.0,wifi_slow_scan
1755489068,1755489070,1.5,0.0,0.5,0.0,0.8000000000000002,1.3597399555105182e-16,0.0,0.0,0.0,0.0,wifi_slow_scan
1755489069,1755489071,1.5,0.0,0.5,0.0,0.8000000000000002,1.3597399555105182e-16,0.0,0.0,0.0,0.0,wifi_slow_scan
1755489070,1755489072,1.5,0.0,0.5,0.0,0.8000000000000002,1.3597399555105182e-16,0.0,0.0,0.0,0.0,wifi_slow_scan
1755489071,1755489073,1.5,0.0,0.5,0.0,0.8000000000000002,1.3597399555105182e-16,0.0,0.0,0.0,0.0,wifi_slow_scan
1755489072,1755489074,1.5,0.0,0.5,0.0,0.8000000000000002,1.3597399555105182e-16,0.0,0.0,0.0,0.0,wifi_slow_scan
1755489073,1755489075,1.5,0.0,0.5,0.0,0.8000000000000002,1.3597399555105182e-16,0.0,0.0,0.0,0.0,wifi_slow_scan
1755489074,1755489076,1.5,0.0,0.5,0.0,0.8000000000000002,1.3597399555105182e-16,0.0,0.0,0.0,0.0,wifi_slow_scan
1755489075,1755489077,1.5,0.0,0.5,0.0,0.8000000000000002,1.3597399555105182e-16,0.0,0.0,0.0,0.0,wifi_slow_scan
1755489076,1755489078,1.5,0.0,0.5,0.0,0.8000000000000002,1.3597399555105182e-16,0.0,0.0,0.0,0.0,wifi_slow_scan
1755489077,1755489079,1.5,0.0,0.5,0.0,0.8000000000000002,1.3597399555105182e-16,0.0,0.0,0.0,0.0,wifi_slow_scan
1755489078,1755489080,1.5,0.0,0.5,0.0,0.8000000000000002,1.3597399555105182e-16,0.0,0.0,0.0,0.0,wifi_slow_scan
1755489079,1755489081,1.7,0.3464101615137755,1.0,0.8660254037844386,1.0333333333333334,0.404145188432738,0.0,0.0,0.0,0.0,wifi_slow_scan
1755489080,1755489082,1.7,0.3464101615137755,1.0,0.8660254037844386,1.0333333333333332,0.404145188432738,0.0,0.0,0.0,0.0,wifi_slow_scan
1755489081,1755489083,1.7,0.3464101615137755,1.0,0.8660254037844386,1.0333333333333332,0.404145188432738,0.0,0.0,0.0,0.0,wifi_slow_scan
1755489082,1755489084,1.5,0.0,0.5,0.0,0.8000000000000002,1.3597399555105182e-16,0.0,0.0,0.0,0.0,wifi_slow_scan
1755489083,1755489085,1.5,0.0,0.5,0.0,0.8000000000000002,1.3597399555105182e-16,0.0,0.0,0.0,0.0,wifi_slow_scan
1755489084,1755489086,1.5,0.0,0.5,0.0,0.8000000000000002,1.3597399555105182e-16,0.0,0.0,0.0,0.0,wifi_slow_scan
1755489085,1755489087,1.5,0.0,0.5,0.0,0.8000000000000002,1.3597399555105182e-16,0.0,0.0,0.0,0.0,wifi_slow_scan
1755489086,1755489088,1.7,0.3464101615137755,1.0,0.8660254037844386,1.0333333333333334,0.404145188432738,0.0,0.0,0.0,0.0,wifi_slow_scan
1755489087,1755489089,1.9000000000000001,0.3464101615137755,1.5,0.8660254037844386,1.2666666666666666,0.404145188432738,0.0,0.0,0.0,0.0,telemetry_trickle_jam
1755489088,1755489090,1.9000000000000001,0.3464101615137755,1.5,0.8660254037844386,1.2666666666666666,0.404145188432738,0.0,0.0,0.0,0.0,telemetry_trickle_jam
1755489089,1755489091,1.7,0.3464101615137755,1.0,0.8660254037844386,1.0333333333333332,0.404145188432738,0.0,0.0,0.0,0.0,wifi_slow_scan
1755489090,1755489092,1.5,0.0,0.5,0.0,0.8000000000000002,1.3597399555105182e-16,0.0,0.0,0.0,0.0,wifi_slow_scan
1755489091,1755489093,1.5,0.0,0.5,0.0,0.8000000000000002,1.3597399555105182e-16,0.0,0.0,0.0,0.0,wifi_slow_scan
1755489092,1755489094,1.5,0.0,0.5,0.0,0.8000000000000002,1.3597399555105182e-16,0.0,0.0,0.0,0.0,wifi_slow_scan
1755489093,1755489095,1.7,0.3464101615137755,1.0,0.8660254037844386,1.0333333333333334,0.404145188432738,0.0,0.0,0.0,0.0,wifi_slow_scan
1755489094,1755489096,2.466666666666667,1.1930353445448851,1.3333333333333333,0.7637626158259734,1.3666666666666665,0.5131601439446883,0.03333333333333333,0.05773502691896258,0.0,0.0,gps_slow_spoof
